,throttle,steer,pitch,yaw,roll,jump,boost,handbrake
6819,,,,,,False,,
6820,-1.0,,,,,False,False,
6821,-1.0,,0.02641115002722934,-0.002372353957177028,-0.0008728735247559785,False,False,
6822,-1.0,,,,,False,False,
6823,-1.0,,-0.010470601512006333,0.0009858344198673409,0.0003151876460420748,False,False,
6824,-1.0,,,,,False,False,
6825,-1.0,,-0.11171755885931328,1.0,-0.12404564388046638,False,False,
6826,0.9921875,-0.9921875,,,,False,False,
6827,0.9921875,-0.9921875,1.0,-1.0,0.35801810130749034,False,False,
6828,0.203125,0.5703125,,,,False,False,
6829,0.203125,0.5703125,,,,False,False,
6830,0.203125,0.5703125,-0.308034590757381,1.0,-0.05690580891002945,False,False,
6831,0.0,1.0,,,,False,False,
6832,0.0,1.0,-0.18893237463097862,1.0,-0.0722537380749614,False,False,
6833,-1.0,-0.0,-0.041622332278697174,0.8284732189029945,-0.04274732754713183,False,False,
6834,-1.0,-0.0,,,,False,False,
6835,-1.0,-0.0,0.012135432633888717,-0.08677367809033536,-0.011006010509446522,False,False,
6836,-1.0,-0.0,,,,False,False,
6837,-1.0,-0.0,0.007975432328170814,0.40016444681746605,-0.01838493578260453,False,False,
6838,-1.0,-0.0,,,,False,False,
6839,-1.0,-0.0,0.11987417597978464,-1.0,-0.7416536206269839,False,False,
6840,-1.0,-0.0,,,,False,False,
6841,-1.0,-0.0,-0.37902922006131895,1.0,0.5828900406571318,False,False,
6842,0.9921875,-0.9921875,,,,False,False,
6843,0.9921875,-0.9921875,,,,False,False,
6844,0.9921875,-0.9921875,,,,False,False,
6845,0.9921875,-0.9921875,,,,False,False,
6846,0.9921875,-0.9921875,,,,False,False,
6847,0.9921875,-0.9921875,,,,False,False,
6848,0.9921875,-0.9921875,0.03146837910946847,-0.4432946635050622,-0.023798435287137338,False,False,
6849,0.2109375,-0.2109375,0.007648834688065877,0.4543635717475047,-0.004344126022678996,False,False,
6850,0.9921875,-0.9921875,0.006193526476795009,1.0,0.009760089491335312,False,False,
6851,0.9921875,-0.9921875,,,,False,False,
6852,0.9921875,-0.9921875,,,,False,False,
6853,0.9921875,-0.9921875,0.010543317456740572,1.0,0.012908698074687775,False,False,
6854,0.9921875,-0.9921875,,,,False,False,
6855,0.9921875,-0.9921875,0.012198717239258944,1.0,0.008324970152771399,False,False,
6856,0.9921875,-0.9921875,,,,False,False,
6857,0.9921875,-0.9921875,0.00973776362157727,0.8362198927797707,0.005312327866639602,False,False,
6858,0.9921875,-0.9921875,,,,False,False,
6859,0.9921875,-0.9921875,0.011167933638298799,0.7153106810347218,0.0043286011237079584,False,False,
6860,0.9921875,-0.9921875,,,,False,False,
6861,0.9921875,-0.9921875,0.011270333909164333,0.5573074635900811,0.003205290097632539,False,False,
6862,0.9921875,-0.9921875,0.009361821349227452,0.3915452968024223,0.0018194730006276564,False,False,
6863,0.9921875,-0.9921875,0.011054557268309638,0.3569640607940288,0.0014818281913999709,False,False,
6864,0.1171875,-0.9921875,,,,False,False,
6865,0.1171875,-0.9921875,0.009502098125458784,0.5109129337493801,0.0014195644288349531,False,False,
6866,0.9921875,-0.9921875,,,,False,False,
6867,0.9921875,-0.9921875,,,,False,False,
6868,0.9921875,-0.9921875,0.011228305624839157,0.4449147405940661,0.00016751003352244123,False,False,
6869,0.9921875,-0.9921875,,,,False,False,
6870,0.9921875,-0.9921875,0.010256142487672183,0.39342750720014563,-0.0009359394508486732,False,False,
6871,0.9921875,-0.9921875,,,,False,False,
6872,0.9921875,-0.9921875,0.009059065511842627,0.3381144876732319,-0.0018550004992100011,False,False,
6873,0.9921875,-0.9921875,,,,False,False,
6874,0.9921875,-0.9921875,0.007965939595825908,0.3523629781894358,-0.0028373848660770834,False,False,
6875,0.9921875,-0.9921875,,,,False,False,
6876,0.9921875,-0.9921875,0.006342256850248203,0.31322692922080586,-0.003512251727345694,False,False,
6877,0.9921875,-0.984375,,,,False,False,
6878,0.9921875,-0.984375,-0.029360523726460194,-1.0,0.010425166887794064,False,False,
6879,0.9921875,-0.1875,0.003083160022077381,-0.5215235001878381,-0.00046268483840365823,False,False,
6880,0.9921875,-0.0859375,-0.008503897330174455,-1.0,0.006532775057141774,False,False,
6881,0.9921875,0.1796875,,,,False,False,
6882,0.9921875,0.1796875,,,,False,False,
6883,0.9921875,0.1796875,-0.006837137226620355,-1.0,0.005448740873670232,False,False,
6884,0.9921875,0.21875,,,,False,False,
6885,0.9921875,0.21875,-0.018466582293809607,-1.0,0.008382531068945752,False,False,
6886,0.125,1.0,,,,False,False,
6887,0.125,1.0,0.019769632247857716,1.0,-0.007145882885457176,False,False,
6888,0.9921875,0.0078125,,,,False,False,
6889,0.9921875,0.0078125,,,,False,False,
6890,0.9921875,0.0078125,-0.0014576022532035442,0.22017782685095763,9.087123701628287e-05,False,False,
6891,0.9921875,0.09375,0.02085342822260652,1.0,-0.007053434110483822,False,False,
6892,0.9921875,-0.7421875,,,,False,False,
6893,0.9921875,-0.7421875,,,,False,False,
6894,0.9921875,-0.7421875,0.018906878990435087,1.0,-0.014892683230203041,False,False,
6895,0.9921875,-0.9921875,,,,False,False,
6896,0.9921875,-0.9921875,,,,False,False,
6897,0.9921875,-0.9921875,0.00682670377658095,0.987815801976293,-0.006763539650773098,False,False,
6898,0.9921875,-0.9765625,-0.0116978694358938,-1.0,0.012822598115465203,False,True,
6899,0.9921875,0.109375,,,,False,True,
6900,0.9921875,0.109375,,,,False,True,
6901,0.9921875,0.109375,-0.0024654703610601358,-1.0,0.01354278329961027,False,True,
6902,0.9921875,0.6328125,,,,False,True,
6903,0.9921875,0.6328125,0.00023954811183969917,-1.0,0.003601025023415551,False,True,
6904,0.9921875,0.4765625,,,,False,True,
6905,0.9921875,0.4765625,-2.071946379877526e-05,0.9397724984645396,-0.0007185804423973079,False,True,
6906,0.9921875,0.234375,,,,False,True,
6907,0.9921875,0.234375,-0.00037327221786663035,0.4109586806433795,0.0007046312414149922,False,True,
6908,0.9921875,0.234375,,,,False,True,
6909,0.9921875,0.234375,,,,False,True,
6910,0.9921875,0.234375,-0.0016968075178900581,-0.2771742143864654,0.001802549859089991,False,True,
6911,0.9921875,0.328125,,,,False,True,
6912,0.9921875,0.328125,-0.0016246629423172757,-0.30409991470848285,0.0017175338996937408,False,True,
6913,0.9921875,0.3671875,,,,False,True,
6914,0.9921875,0.3671875,-0.0035319732822801366,-0.45647503622779734,0.0026598288902438287,False,True,
6915,0.9921875,0.4296875,,,,False,True,
6916,0.9921875,0.4296875,-0.002495761562038238,-0.41275036820391925,0.0027504969565771277,False,True,
6917,0.9921875,0.484375,,,,False,True,
6918,0.9921875,0.484375,,,,False,True,
6919,0.9921875,0.484375,-0.009186594669488294,-1.0,0.005742678556769287,False,True,
6920,0.9921875,0.7109375,,,,False,True,
6921,0.9921875,0.7109375,0.018396128552023314,0.6341378564703429,-0.0015098283777761486,False,True,
6922,0.9921875,-0.0,,,,True,False,
6923,0.9921875,-0.0,,,,True,False,
6924,0.9921875,-0.0,0.031171556462464667,1.0,-0.006558448427019554,False,False,
6925,0.0,-0.9921875,1.0,-0.3553601776857215,-0.1735167663169774,False,False,
6926,0.0,-0.9921875,,,,True,False,
6927,0.0,-0.9921875,1.0,0.1717535037970693,-0.037686192995782686,True,False,
6928,0.0,-0.9921875,,,,True,False,
6929,0.0,-0.9921875,,,,True,False,
6930,0.0,-0.9921875,0.4578678786783498,-0.7782515759335686,0.23198488813567542,True,False,
6931,-1.0,-0.9921875,,,,True,False,
6932,-1.0,-0.9921875,0.5513583238666877,-0.45642642240572884,-0.1127601803185897,True,False,
6933,-1.0,1.0,,,,True,False,
6934,-1.0,1.0,,,,True,False,
6935,-1.0,1.0,-1.0,-0.09333959977528482,-0.2237470108569251,True,False,
6936,-1.0,1.0,,,,True,False,
6937,-1.0,1.0,1.0,-1.0,-0.644136524356531,True,False,
6938,-1.0,1.0,,,,True,False,
6939,-1.0,1.0,-1.0,-1.0,-0.5640911256646266,True,False,
6940,-1.0,1.0,,,,True,False,
6941,-1.0,1.0,,,,True,False,
6942,-1.0,1.0,-1.0,1.0,1.0,True,False,
6943,-1.0,1.0,,,,True,False,
6944,-1.0,1.0,-0.0007981887010013787,1.0,1.0,False,False,
6945,-1.0,-0.9921875,,,,False,False,
6946,-1.0,-0.9921875,1.0,-1.0,-0.2236663425676966,False,False,
6947,-0.125,-0.1171875,,,,False,False,
6948,-0.125,-0.1171875,,,,False,False,
6949,-0.125,-0.1171875,-1.0,1.0,-0.35425430889965576,False,False,
6950,0.9921875,-0.0,,,,False,False,
6951,0.9921875,-0.0,-1.0,1.0,-0.3128686030157681,False,False,
6952,0.9921875,-0.0,,,,False,False,
6953,0.9921875,-0.0,,,,False,False,
6954,0.9921875,-0.0,-1.0,1.0,-0.43747160492461773,False,False,
6955,0.9921875,-0.0,,,,False,False,
6956,0.9921875,-0.0,-1.0,-0.8872546599394857,-0.10005179286805874,False,False,
6957,0.1953125,-0.0,,,,False,False,
6958,0.1953125,-0.0,1.0,0.23853042233874217,-0.03216314420279457,False,False,
6959,-1.0,-0.0,,,,False,False,
6960,-1.0,-0.0,1.0,0.5637257343748596,0.0013132969476149017,False,False,
6961,-1.0,-0.0,,,,False,False,
6962,-1.0,-0.0,,,,False,False,
6963,-1.0,-0.0,1.0,0.5809042604318772,0.010720265480686799,False,False,
6964,-1.0,-0.0,,,,False,False,
6965,-1.0,-0.0,0.6543961895518544,0.3777296380691005,0.012359785809301698,False,False,
6966,-1.0,-0.0,,,,False,False,
6967,-1.0,-0.0,0.41133366233960916,0.2785946695764887,0.009253492762491948,False,False,
6968,-1.0,-0.0,,,,False,False,
6969,-1.0,-0.0,,,,False,False,
6970,-1.0,-0.0,0.3838095890956051,0.25426893412124607,0.0035596051024533904,False,False,
6971,-1.0,-0.0,,,,False,False,
6972,-1.0,-0.0,0.16728902456677155,0.12296221971728095,0.002271113258062974,False,False,
6973,-1.0,-0.0,,,,False,False,
6974,-1.0,-0.0,,,,False,False,
6975,-1.0,-0.0,-1.0,-1.0,-1.0,False,False,
6976,-1.0,-0.0,,,,False,False,
6977,-1.0,-0.0,-1.0,1.0,-1.0,False,False,
6978,-1.0,-0.0,,,,False,False,
6979,-1.0,-0.0,1.0,1.0,-0.7559917603894691,False,False,
6980,-1.0,-0.0,,,,False,False,
6981,-1.0,-0.0,-1.0,-1.0,1.0,False,True,
6982,0.9921875,0.4609375,,,,False,True,
6983,0.9921875,0.4609375,-1.0,-1.0,0.31029583719005965,False,True,
6984,0.1953125,-0.2578125,,,,False,False,
6985,0.1953125,-0.2578125,1.0,-1.0,0.21570888899601232,False,False,
6986,0.9921875,1.0,,,,False,False,
6987,0.9921875,1.0,,,,False,False,
6988,0.9921875,1.0,0.3792935718946188,-0.588632431751727,0.19870168954123796,False,False,
6989,0.9921875,1.0,,,,False,False,
6990,0.9921875,1.0,0.8109321635840901,1.0,-0.1597835548776081,False,False,
6991,0.21875,0.21875,,,,False,False,
6992,0.21875,0.21875,0.38786849174993804,-0.7072359507962868,0.7320479492453347,False,False,
6993,0.9921875,1.0,,,,False,False,
6994,0.9921875,1.0,1.0,-0.09847522342045498,1.0,False,False,
6995,0.9921875,1.0,,,,False,False,
6996,0.9921875,1.0,0.13780085106766107,-0.19010190056228576,0.06522315130449301,False,False,
6997,0.9921875,1.0,,,,False,False,
6998,0.9921875,1.0,-0.40645358606909815,0.133966071695263,0.994104773076436,False,False,
6999,0.9921875,1.0,,,,False,False,
7000,0.9921875,1.0,-1.0,-1.0,-0.22258105254104724,False,False,
7001,0.9921875,1.0,,,,False,False,
7002,0.9921875,1.0,,,,False,False,
7003,0.9921875,1.0,1.0,1.0,-1.0,False,False,
7004,0.9921875,1.0,,,,False,False,
7005,0.9921875,1.0,,,,False,False,
7006,0.203125,1.0,,,,False,False,
7007,0.203125,1.0,,,,False,False,
7008,0.203125,1.0,,,,False,False,
7009,0.9921875,-0.9921875,,,,False,False,
7010,0.9921875,-0.9921875,-0.03915611504918814,-1.0,-0.010141135771033597,False,False,
7011,0.9921875,1.0,,,,False,False,
7012,0.9921875,1.0,,,,False,False,
7013,0.9921875,1.0,0.02175534745192517,-1.0,-0.005704800120642262,False,False,
7014,0.9921875,1.0,,,,False,False,
7015,0.9921875,1.0,0.008015813690655453,-0.6476638866605678,-0.0028425574086168473,False,False,
7016,0.9921875,1.0,,,,False,False,
7017,0.9921875,1.0,,,,False,False,
7018,0.9921875,1.0,0.009951884111890762,-0.47492472180577716,-0.0016221279740513189,False,False,
7019,0.9921875,1.0,,,,False,False,
7020,0.9921875,1.0,0.009777283144222434,-0.366002346968998,7.862856689346793e-05,False,False,
7021,0.9921875,1.0,0.009018526180981005,-0.3381256450883047,0.0011337316274048625,False,False,
7022,0.9921875,1.0,0.009106588685438491,-0.3440370570825752,0.0012601701686405153,False,False,
7023,0.9921875,1.0,,,,False,False,
7024,0.9921875,1.0,,,,False,False,
7025,0.9921875,1.0,0.008632919172325632,-0.33893450921755097,0.0019053716968262372,False,False,
7026,0.9921875,1.0,,,,False,False,
7027,0.9921875,1.0,,,,False,False,
7028,0.9921875,1.0,,,,False,False,
7029,0.9921875,1.0,0.006447946508234198,-0.3319804393697628,0.0036903862917581818,False,False,
7030,0.9921875,1.0,,,,False,False,
7031,0.9921875,1.0,,,,False,False,
7032,0.9921875,1.0,0.0048572115125203675,-0.33192587801155105,0.0042422671022100235,False,False,
7033,0.9921875,1.0,,,,False,False,
7034,0.9921875,1.0,0.0033102842561101896,-0.33082321997675895,0.004556702335986008,False,False,
7035,0.9921875,1.0,,,,False,False,
7036,0.9921875,1.0,0.0016569157998472335,-0.3307726759882643,0.004891572709765709,False,False,
7037,0.9921875,1.0,,,,False,False,
7038,0.9921875,1.0,,,,False,False,
7039,0.9921875,1.0,-0.0009436726603404573,0.2694241225562877,0.003544292796512813,False,False,
7040,0.9921875,1.0,,,,False,False,
7041,0.9921875,1.0,0.005578421507294537,1.0,-0.0029994688042105353,False,False,
7042,0.9921875,0.4375,,,,False,False,
7043,0.9921875,0.4375,0.006130498061184924,1.0,-0.005909903013830057,False,False,
7044,0.9921875,0.3046875,,,,False,False,
7045,0.9921875,0.3046875,,,,False,False,
7046,0.9921875,0.3046875,-0.0045630991957789375,-0.5144637738768488,0.0031299808349387,False,False,
7047,0.9921875,0.4453125,-0.006223627939978816,-0.6897713527578735,0.0038108756596035276,False,False,
7048,0.9921875,0.6015625,-0.004246327233329519,-0.3911744189214126,0.0028246922011587357,False,False,
7049,0.9921875,0.6484375,,,,False,False,
7050,0.9921875,0.6484375,,,,False,False,
7051,0.9921875,0.6484375,,,,False,False,
7052,0.9921875,0.6484375,0.19241978015746072,1.0,-0.02692520920172429,False,False,
7053,0.9921875,0.5625,,,,False,False,
7054,0.9921875,0.5625,,,,False,False,
7055,0.9921875,-0.9921875,,,,False,False,
7056,0.9921875,-0.9921875,,,,False,False,
7057,0.9921875,-0.9921875,1.0,0.40841938399835503,1.0,False,False,
7058,0.9921875,-0.9921875,,,,False,False,
7059,0.9921875,-0.9921875,-1.0,-0.5238180864872524,0.20532002331946642,False,False,
7060,0.9921875,-0.9921875,,,,False,False,
7061,0.9921875,-0.9921875,,,,False,False,
7062,0.9921875,-0.9921875,-0.7386302549772642,-0.6225367608835329,0.6620912185234773,False,False,
7063,0.9921875,-0.9921875,,,,False,False,
7064,0.9921875,-0.9921875,-1.0,-1.0,-0.4183176080842205,False,False,
7065,0.9921875,-0.9921875,,,,False,False,
7066,0.9921875,-0.9921875,1.0,-0.47887308601417106,0.4900770159678268,False,False,
7067,0.9921875,-0.9921875,,,,False,False,
7068,0.9921875,-0.9921875,-1.0,0.31059229272683886,0.13761534616943968,False,False,
7069,0.21875,-0.9921875,,,,False,False,
7070,0.21875,-0.9921875,,,,False,False,
7071,0.21875,-0.9921875,-1.0,-0.2605215568962483,0.19337888906400197,False,False,
7072,0.3046875,-0.9921875,,,,False,False,
7073,0.3046875,-0.9921875,-1.0,-1.0,0.12847482634481722,False,False,
7074,0.78125,-0.8984375,,,,False,False,
7075,0.78125,-0.8984375,0.23681715639565326,-1.0,0.3378044175584018,False,False,
7076,0.9921875,-0.9921875,0.6600918065447602,1.0,0.1406227994268119,False,False,
7077,0.9921875,-0.9921875,-1.0,-1.0,0.9938574912815556,False,False,
7078,0.9921875,-0.9921875,,,,False,False,
7079,0.9921875,-0.9921875,,,,False,False,
7080,0.9921875,-0.9921875,0.4373682984449458,-1.0,0.40451718816566695,False,False,
7081,0.9921875,-0.9921875,,,,False,False,
7082,0.9921875,-0.9921875,0.620560117454893,-0.5277281499589249,0.49331790664693886,False,False,
7083,0.9921875,-0.9921875,,,,False,False,
7084,0.9921875,-0.9921875,0.9307763637859822,-1.0,0.7913456519745539,False,False,
7085,0.9921875,-0.671875,,,,False,False,
7086,0.9921875,-0.671875,-1.0,-1.0,-0.0740358071874958,False,False,
7087,0.9921875,-0.1640625,-1.0,0.17321180814613535,-0.29017957829940894,False,False,
7088,0.9921875,-0.1875,,,,False,False,
7089,0.9921875,-0.1875,-1.0,-1.0,-1.0,False,False,
7090,0.9921875,0.1328125,,,,False,False,
7091,0.9921875,0.1328125,,,,False,False,
7092,0.9921875,0.1484375,,,,False,False,
7093,0.9921875,0.1484375,,,,False,False,
7094,0.9921875,1.0,,,,False,False,
7095,0.9921875,1.0,0.12891720586797545,-1.0,0.021560470580248573,False,False,
7096,0.9921875,1.0,,,,False,False,
7097,0.9921875,1.0,0.0418470092618849,-0.9645736749048298,0.0061938890433284,False,False,
7098,0.9921875,1.0,,,,False,False,
7099,0.9921875,1.0,,,,False,False,
7100,0.9921875,1.0,0.0012755908317253306,0.40161848531642536,0.0016222031001885868,False,False,
7101,0.9921875,1.0,,,,False,False,
7102,0.9921875,1.0,0.01763299698559722,-0.9042442451301609,-0.002007191799015695,False,False,
7103,0.9921875,1.0,,,,False,False,
7104,0.9921875,1.0,,,,False,False,
7105,0.9921875,1.0,0.011299874703247574,-0.4663967143250348,-0.0007389861847899566,False,False,
7106,0.9921875,1.0,,,,False,False,
7107,0.9921875,1.0,-0.04378689138123466,1.0,0.0011068304413680346,False,False,
7108,0.9921875,0.1171875,,,,False,False,
7109,0.9921875,0.1171875,-0.031266654679654775,1.0,-0.0036419190175128887,False,False,
7110,0.9921875,-0.203125,,,,False,False,
7111,0.9921875,-0.203125,,,,False,False,
7112,0.9921875,-0.203125,-0.009136143874066286,0.8549322810818403,-0.0016385380591794646,False,False,
7113,0.9921875,-0.1328125,,,,False,False,
7114,0.9921875,-0.1328125,0.003993234743023453,-0.385626507135173,0.0005730657036992945,False,False,
7115,0.9921875,-0.0078125,,,,False,False,
7116,0.9921875,-0.0078125,0.005640874450715648,-0.4366489043116197,-0.0006547757736973125,False,False,
7117,0.9921875,0.1875,,,,False,False,
7118,0.9921875,0.1875,,,,False,False,
7119,0.9921875,0.1875,-0.04504620103484997,1.0,-0.0004373138228978259,False,False,
7120,-1.0,-0.9921875,,,,False,False,
7121,-1.0,-0.9921875,-0.0450904672220777,1.0,-0.0016839771323617072,False,False,
7122,0.9921875,-0.9921875,,,,False,False,
7123,0.9921875,-0.9921875,-0.013589504578948867,0.7697362896080207,-0.001041689365626943,False,False,
7124,0.9921875,-0.8359375,,,,False,True,
7125,0.9921875,-0.8359375,,,,False,True,
7126,0.9921875,-0.8359375,0.029800512253794906,-1.0,-0.00408462993593652,False,True,
7127,0.9921875,-0.09375,,,,False,True,
7128,0.9921875,-0.09375,0.04596233704377149,-1.0,-0.001426293693016253,False,True,
7129,0.9921875,0.2109375,,,,False,True,
7130,0.9921875,0.2109375,0.012936020626475588,-0.9084257362925878,-0.000871273144088783,False,True,
7131,0.9921875,0.140625,,,,False,True,
7132,0.9921875,0.140625,-0.005861038855192776,0.39256630055781666,-0.00010527018966680551,False,True,
7133,0.9921875,0.0078125,,,,False,True,
7134,0.9921875,0.0078125,,,,False,True,
7135,0.9921875,0.0078125,-0.04364294528596309,1.0,0.006518252776846451,False,False,
7136,0.9921875,-0.9375,,,,False,False,
7137,0.9921875,-0.9375,,,,False,False,
7138,0.9921875,-0.9375,0.003272923762076912,-1.0,-0.004097547730971812,False,False,
7139,0.9921875,-0.046875,,,,False,False,
7140,0.9921875,-0.046875,0.029966410373309424,-1.0,-0.0026908863365635773,False,False,
7141,0.9921875,0.1875,,,,False,False,
7142,0.9921875,0.1875,0.004435094589243398,-0.2482796635075755,-0.00019725027028633655,False,False,
7143,0.9921875,0.09375,0.00025181008945047225,0.014195242621602691,-8.764078114966995e-07,False,False,
7144,0.9921875,0.0703125,,,,False,False,
7145,0.9921875,0.0703125,-0.004035211918321286,0.3401099646697266,0.0002819199642180999,False,False,
7146,0.9921875,-0.0078125,,,,False,False,
7147,0.9921875,-0.0078125,0.024314429212813404,-1.0,-0.007715426646517113,False,False,
7148,0.9921875,1.0,,,,False,False,
7149,0.9921875,1.0,0.008388746594010957,1.0,0.009703719614016572,False,False,
7150,0.9921875,-0.65625,,,,False,False,
7151,0.9921875,-0.65625,-0.08701162615661469,1.0,0.0023232108892932484,False,False,
7152,0.9921875,-0.9921875,,,,False,False,
7153,0.9921875,-0.9921875,,,,False,False,
7154,0.9921875,-0.9921875,-0.027059148719574582,1.0,0.0031665994038859845,False,False,
7155,0.9921875,-0.9921875,,,,False,False,
7156,0.9921875,-0.9921875,-0.007170241212477193,-0.6968418252829117,-0.0006134297686515537,False,False,
7157,0.125,-0.125,,,,False,False,
7158,0.125,-0.125,-0.003623466810880068,1.0,0.00685331787864782,False,False,
7159,0.9921875,-0.9921875,,,,False,False,
7160,0.9921875,-0.9921875,-0.008647974164374888,0.5570239769299224,0.004468754598668036,False,False,
7161,0.9921875,-0.9921875,,,,False,False,
7162,0.9921875,-0.9921875,,,,False,False,
7163,0.9921875,-0.9921875,-0.00490659308948639,-1.0,-0.0006935645536849659,False,False,
7164,0.9921875,0.5625,,,,False,False,
7165,0.9921875,0.5625,,,,False,False,
7166,0.9921875,0.5625,,,,False,False,
7167,0.9921875,0.5625,0.0024958637847193256,1.0,0.005906148941080538,False,False,
7168,0.9921875,-0.9921875,,,,False,False,
7169,0.9921875,-0.9921875,,,,False,False,
7170,0.9921875,-0.9921875,-0.0021510348989598597,0.6698200146140798,0.006609704082875507,False,False,
7171,0.9921875,-0.9921875,,,,False,False,
7172,0.9921875,-0.9921875,,,,False,False,
7173,0.9921875,-0.9921875,-0.004323442138425548,-1.0,-0.04075719514754822,False,False,
7174,0.9921875,1.0,,,,False,False,
7175,0.9921875,1.0,-0.0025490141757061975,-1.0,-0.012311329566385016,False,False,
7176,0.9921875,1.0,,,,False,False,
7177,0.9921875,1.0,0.0013177469115135407,-0.7182455649701427,-0.005759680033208464,False,False,
7178,0.9921875,1.0,,,,False,False,
7179,0.9921875,1.0,0.0024491516737865275,-0.465010945993208,-0.004791399107612048,False,False,
7180,0.9921875,1.0,,,,False,False,
7181,0.9921875,1.0,0.004321417571078735,-0.402096585018241,-0.004635169029770966,False,False,
7182,0.9921875,1.0,,,,False,False,
7183,0.9921875,1.0,,,,False,False,
7184,0.9921875,1.0,0.005484307882083253,-0.3628218774207512,-0.004097419697138139,False,False,
7185,0.9921875,1.0,,,,False,False,
7186,0.9921875,1.0,-0.007705249421207878,1.0,0.002255102188058177,False,False,
7187,0.9921875,0.46875,,,,False,False,
7188,0.9921875,0.46875,-0.030763610053529854,1.0,0.006871512229217149,False,False,
7189,0.9921875,-0.171875,,,,False,False,
7190,0.9921875,-0.171875,-0.027147984643569063,1.0,0.0031124134530282122,False,False,
7191,0.9921875,-0.1875,,,,False,False,
7192,0.9921875,-0.1875,-0.003440227824212116,1.0,0.004471561366566505,False,False,
7193,0.2109375,-0.8515625,,,,False,False,
7194,0.2109375,-0.8515625,,,,False,False,
7195,0.2109375,-0.8515625,0.005065852195404895,-1.0,-0.0037886003462686783,False,False,
7196,0.9921875,0.0078125,,,,False,False,
7197,0.9921875,0.0078125,-0.002990883614416781,0.6094562152278019,0.0019380219311804041,False,False,
7198,0.9921875,-0.25,,,,False,False,
7199,0.9921875,-0.25,-0.019653301162229044,1.0,0.005000130363040912,False,False,
7200,0.9921875,-0.6640625,,,,False,False,
7201,0.9921875,-0.6640625,-0.014694640366665823,1.0,0.005214698627207986,False,False,
7202,0.9921875,-0.9921875,,,,False,False,
7203,0.9921875,-0.9921875,,,,False,False,
7204,0.9921875,-0.9921875,-0.025413183907040292,1.0,0.006771702682728588,False,False,
7205,0.9921875,-0.9921875,,,,False,False,
7206,0.9921875,-0.9921875,-0.007846951174450143,0.6091768264483736,0.004867618229363764,False,False,
7207,0.9921875,-0.9921875,,,,False,False,
7208,0.9921875,-0.9921875,0.0035460039451272896,-0.4631563231686888,0.0001915979603654931,False,False,
7209,0.9921875,-0.9921875,,,,False,False,
7210,0.9921875,-0.9921875,,,,False,False,
7211,0.9921875,-0.9921875,-0.0069337305118561815,0.8227035559875365,0.007664577682428612,False,False,
7212,0.9921875,-0.9921875,,,,False,False,
7213,0.9921875,-0.9921875,-0.0014161974870878398,0.4548624196159266,0.005363583761015577,False,False,
7214,0.9921875,-0.9921875,0.0004976876907399819,0.3350687960281349,0.004768233242265847,False,False,
7215,0.9921875,-0.9921875,-0.000892412147001786,-0.7563925999968061,0.00018824625933515344,False,False,
7216,0.9921875,-0.9921875,,,,False,False,
7217,0.9921875,-0.9921875,0.004428025004382384,0.7651933109403668,0.007091379604983237,False,False,
7218,0.21875,-0.9921875,,,,False,False,
7219,0.21875,-0.9921875,,,,False,False,
7220,0.21875,-0.9921875,0.006075227152866419,0.5058822404446495,0.0048071588093953795,False,False,
7221,0.9921875,-0.9921875,,,,False,False,
7222,0.9921875,-0.9921875,0.0057669730384280376,0.43153355983165875,0.005203325140303404,False,False,
7223,0.2109375,-0.9921875,,,,False,False,
7224,0.2109375,-0.9921875,,,,False,False,
7225,0.2109375,-0.9921875,0.006693248958953063,0.3829675016410387,0.003603313176688863,False,False,
7226,0.9921875,-0.9921875,,,,False,False,
7227,0.9921875,-0.9921875,0.008219557172726252,0.34621887225150416,0.002654945732201991,False,False,
7228,0.9921875,-0.9921875,,,,False,False,
7229,0.9921875,-0.9921875,0.008840651342984004,0.3217969409551637,0.0017314091296626365,False,False,
7230,0.21875,-0.9921875,,,,False,False,
7231,0.21875,-0.9921875,,,,False,False,
7232,0.21875,-0.9921875,0.008746472188890523,0.34780555868700963,0.0010903122166494859,False,False,
7233,0.9921875,-0.9921875,,,,False,False,
7234,0.9921875,-0.9921875,0.009188281749625916,0.3362700737732039,0.00015592909129122682,False,False,
7235,0.9921875,-0.9921875,,,,False,False,
7236,0.9921875,-0.9921875,0.006439573375026762,0.2180102055404228,-0.0011836924672298695,False,False,
7237,0.9921875,-0.890625,,,,False,False,
7238,0.9921875,-0.890625,,,,False,False,
7239,0.9921875,-0.890625,-0.04933932017295751,-1.0,0.004557548388474034,False,False,
7240,0.9921875,0.125,,,,False,False,
7241,0.9921875,0.125,-0.028524493714608305,-1.0,0.00807389993958087,False,False,
7242,0.9921875,0.3828125,,,,False,False,
7243,0.9921875,0.3828125,-0.004802389645096,-0.590698631911727,0.002067266868829682,False,False,
7244,0.9921875,0.203125,,,,False,False,
7245,0.9921875,0.203125,0.004877413582615113,0.7554035221895332,-0.001333442703753911,False,False,
7246,0.9921875,0.0390625,0.0006426444639576481,0.11210812796859933,-0.00010859967873453271,False,False,
7247,0.9921875,0.0234375,,,,False,False,
7248,0.9921875,0.0234375,0.0020475941308499227,0.32000291037402406,-0.0007425618194959113,False,False,
7249,0.9921875,0.015625,,,,False,False,
7250,0.9921875,0.015625,0.0003603310825326743,0.03315199578144488,6.01987401609473e-05,False,False,
7251,0.9921875,0.0390625,,,,False,False,
7252,0.9921875,0.0390625,,,,False,False,
7253,0.9921875,0.0390625,0.025311079757941612,1.0,-0.003983258604620217,False,False,
7254,0.9921875,-0.4140625,,,,False,False,
7255,0.9921875,-0.4140625,-0.013322293430540528,-1.0,0.00039498639628331194,False,False,
7256,0.9921875,-0.0,,,,False,False,
7257,0.9921875,-0.0,,,,False,False,
7258,0.9921875,-0.0,-0.011601072952689586,-1.0,0.0035442170523172284,False,False,
7259,0.9921875,0.1328125,,,,False,False,
7260,0.9921875,0.1328125,-0.0005041132704081213,-0.11488616172484648,0.00027082450236896313,False,False,
7261,0.9921875,0.0703125,,,,False,False,
7262,0.9921875,0.0703125,0.0019587201113853564,0.19261960890891272,-0.0002553410345095935,False,False,
7263,0.9921875,0.03125,,,,False,False,
7264,0.9921875,0.03125,,,,False,False,
7265,0.9921875,0.03125,0.05050384095467574,1.0,-0.0060678832651000865,False,False,
7266,0.9921875,-0.9921875,,,,False,False,
7267,0.9921875,-0.9921875,0.019168246182624762,1.0,-0.007224922759306761,False,False,
7268,0.9921875,-0.9921875,,,,False,False,
7269,0.9921875,-0.9921875,-0.01856575148864446,-1.0,0.0009595664176440954,False,False,
7270,0.9921875,-0.2265625,,,,False,False,
7271,0.9921875,-0.2265625,-0.025322742819720325,-1.0,0.010066042291410752,False,False,
7272,0.9921875,0.28125,,,,False,False,
7273,0.9921875,0.28125,,,,False,False,
7274,0.9921875,0.28125,-0.006106749139507353,-1.0,0.004165715880710581,False,False,
7275,0.9921875,0.203125,,,,False,False,
7276,0.9921875,0.203125,0.002050793969796784,0.37239008829848796,-0.00046108454788469633,False,False,
7277,0.9921875,0.046875,,,,False,False,
7278,0.9921875,0.046875,0.0010752849550059076,0.4286273595416662,-0.0011887580276959031,False,False,
7279,0.9921875,0.015625,,,,False,False,
7280,0.9921875,0.015625,,,,False,False,
7281,0.9921875,0.015625,-0.0007735940008663202,-0.09296551946579831,0.000387500171632584,False,False,
7282,0.9921875,0.0546875,,,,False,False,
7283,0.9921875,0.0546875,-0.0026086796193812733,-0.21249194631618587,0.000751167133360869,False,False,
7284,0.9921875,0.0859375,-0.0010266061445510211,-0.06841981575985562,0.0003940972324630926,False,False,
7285,0.9921875,0.09375,,,,False,False,
7286,0.9921875,0.09375,-0.0014919354333891993,-0.15245157145316293,0.0004308529227420984,False,False,
7287,0.9921875,0.109375,,,,False,False,
7288,0.9921875,0.109375,-0.0016579958719081848,-0.18103026947189585,0.0005743984141280317,False,False,
7289,0.9921875,0.1328125,,,,False,False,
7290,0.9921875,0.1328125,-0.003912950220627433,-0.31405947159233233,0.000990609633633481,False,False,
7291,0.9921875,0.1640625,,,,False,False,
7292,0.9921875,0.1640625,,,,False,False,
7293,0.9921875,0.1640625,-0.0020438589799418043,-0.15859677821737947,0.0006635369502929033,False,False,
7294,0.9921875,0.1875,,,,False,False,
7295,0.9921875,0.1875,-0.0033968893505617877,-0.3152829820543199,0.00127874876129235,False,False,
7296,0.9921875,0.2265625,,,,False,False,
7297,0.9921875,0.2265625,-0.0036484504883612214,-0.2711558137040025,0.0009563233094257614,False,False,
7298,0.9921875,0.2578125,,,,False,False,
7299,0.9921875,0.2578125,,,,False,False,
7300,0.9921875,0.2578125,-0.0038996001441044393,-0.26499957025814486,0.0008590222415924601,False,False,
7301,0.9921875,0.28125,,,,False,False,
7302,0.9921875,0.28125,-0.0036628034493059324,-0.2802317474034291,0.0008977577339864011,False,False,
7303,0.9921875,0.3125,,,,False,False,
7304,0.9921875,0.3125,-0.005872077621906849,-0.3636506146126458,0.0011990507430196203,False,False,
7305,0.9921875,0.3671875,,,,False,False,
7306,0.9921875,0.3671875,,,,False,False,
7307,0.9921875,0.3671875,-0.006496326157034789,-0.4400708515013575,0.0011667248833296777,False,False,
7308,0.9921875,0.4296875,,,,False,False,
7309,0.9921875,0.4296875,-0.002625140793792619,-0.20979615949827718,0.0014529821179167742,False,False,
7310,0.9921875,0.3125,-0.013009602924466642,-0.5584589267704821,-0.0013704528900890319,False,False,
7311,0.203125,1.0,,,,True,False,
7312,0.203125,1.0,,,,True,False,
7313,0.203125,1.0,-0.020816708294566805,-1.0,-0.004720849944305535,True,False,
7314,,1.0,,,,False,False,
7315,0.0,1.0,0.003971969845633105,0.7100511631835646,-0.0016512851211158024,False,False,
7316,0.0,1.0,,,,False,False,
7317,0.0,1.0,-0.1875896543914643,-0.044039089040270235,1.0,False,False,
7318,0.0,1.0,,,,True,False,
7319,0.0,1.0,-0.8442599305288125,-1.0,0.49653700151030705,True,False,
7320,0.0,1.0,,,,True,False,
7321,0.0,1.0,,,,True,False,
7322,0.0,1.0,-1.0,-1.0,1.0,True,False,
7323,0.0,1.0,,,,True,False,
7324,0.0,1.0,-0.44876691792794365,-0.45007401362199234,0.16563528497668534,True,False,
7325,0.0,1.0,,,,True,False,
7326,0.0,1.0,-0.23411201757473085,-0.5070145983989013,-0.26668412233983696,True,False,
7327,0.0,1.0,,,,True,False,
7328,0.0,0.2109375,,,,True,False,
7329,0.0,0.2109375,-0.11618783459862819,-0.29922872766979597,-0.6300530056072646,True,False,
7330,0.0,-0.9921875,,,,True,False,
7331,0.0,-0.9921875,,,,True,False,
7332,0.0,-0.9921875,,,,True,False,
7333,0.0,-0.9921875,,,,True,False,
7334,0.0,-0.9921875,-0.11157425880417211,0.4587237725596225,-0.46222096638787497,True,False,
7335,0.0,-0.9921875,,,,False,False,
7336,0.0,-0.9921875,0.5243246640253727,1.0,0.017648389588418457,False,False,
7337,0.0,-0.9921875,,,,False,False,
7338,0.0,-0.9921875,0.8881495136711627,-1.0,-0.1562731014348255,False,False,
7339,-0.796875,-0.203125,,,,False,False,
7340,-0.796875,-0.203125,0.5598217308764906,-1.0,-0.14891057953417144,False,False,
7341,-1.0,-0.0,,,,False,False,
7342,-1.0,-0.0,0.47784621658955395,-1.0,-0.16937234845301077,False,False,
7343,-1.0,-0.0,-0.01205882084698011,-0.03696681915509497,0.06399860283526572,False,False,
7344,-1.0,-0.0,,,,False,False,
7345,-1.0,-0.0,1.0,1.0,-0.8470687461548428,False,False,
7346,-1.0,-0.0,,,,False,False,
7347,-1.0,-0.0,-1.0,1.0,1.0,False,False,
7348,-1.0,-0.0,,,,False,False,
7349,-1.0,-0.0,,,,False,False,
7350,-1.0,-0.0,-1.0,-1.0,-1.0,False,False,
7351,-1.0,-0.0,,,,False,False,
7352,-1.0,-0.0,,,,False,False,
7353,0.9921875,1.0,,,,False,False,
7354,0.9921875,1.0,,,,False,False,
7355,0.9921875,1.0,,,,False,False,
7356,0.9921875,1.0,,,,False,False,
7357,0.9921875,1.0,-0.0357221480038583,-1.0,0.012817056434418083,False,False,
7358,0.9921875,1.0,,,,False,False,
7359,0.9921875,1.0,-0.01786141126662351,-0.9494275204212439,0.004607577723656388,False,False,
7360,0.9921875,1.0,,,,False,False,
7361,0.9921875,1.0,-0.0154381715862002,-0.6757217187601902,0.0024016609230332895,False,False,
7362,0.9921875,1.0,,,,False,False,
7363,0.9921875,1.0,,,,False,False,
7364,0.9921875,1.0,-0.013650173344996836,-0.5771287426646846,0.0012026114389675458,False,False,
7365,0.9921875,1.0,,,,False,False,
7366,0.9921875,1.0,-0.01282288331486374,-0.5336407278811575,8.503656645355799e-05,False,False,
7367,0.9921875,1.0,,,,False,False,
7368,0.9921875,1.0,-0.011233512849662291,-0.45501456411035607,-0.000934777626919001,False,False,
7369,0.9921875,1.0,,,,False,False,
7370,0.9921875,1.0,-0.010051022240067315,-0.4065784827026699,-0.001798821597543572,False,False,
7371,0.9921875,1.0,,,,False,False,
7372,0.9921875,1.0,,,,False,False,
7373,0.9921875,1.0,,,,False,False,
7374,0.9921875,1.0,-1.0,-0.39541875314735164,-0.2819684624001639,False,False,
7375,0.9921875,1.0,,,,False,False,
7376,0.9921875,1.0,0.07596178521170752,-0.5733782895223014,-0.5475747948126002,False,False,
7377,0.9921875,1.0,,,,False,False,
7378,0.9921875,1.0,-1.0,-0.05826508629931996,-0.10115464604531071,False,False,
7379,0.9921875,1.0,,,,False,False,
7380,0.9921875,1.0,-1.0,0.8300596549419847,0.5584619788708782,False,False,
7381,0.9921875,1.0,,,,False,False,
7382,0.9921875,1.0,1.0,1.0,1.0,False,False,
7383,0.9921875,1.0,0.5880261996156483,-0.24663477473773182,0.31279810682906173,False,False,
7384,0.9921875,1.0,1.0,-0.14416961685080065,0.7134974029308438,False,False,
7385,0.9921875,1.0,-0.3882301691684414,-0.31956370004776274,0.020151190985349718,False,False,
7386,0.9921875,1.0,-0.8435063771826526,-0.5211627152425647,0.3824512840684767,False,False,
7387,0.9921875,1.0,,,,False,False,
7388,0.9921875,1.0,,,,False,False,
7389,0.9921875,1.0,1.0,0.4557219597762071,-0.8693836817464484,False,False,
7390,0.9921875,1.0,,,,False,False,
7391,0.9921875,1.0,0.4598372700034648,-1.0,-0.32592794367676,False,False,
7392,0.9921875,1.0,,,,False,False,
7393,0.9921875,1.0,,,,False,False,
7394,0.9921875,1.0,-0.03680501909495814,-0.46003592682204997,0.018678179248207357,False,False,
7395,0.9921875,1.0,,,,False,False,
7396,0.9921875,1.0,-0.01733898668903417,1.0,0.009508781705065594,False,False,
7397,0.9921875,0.21875,,,,False,False,
7398,0.9921875,0.21875,-0.1248233490037243,1.0,0.01844847271711353,False,False,
7399,0.2109375,-0.9921875,,,,False,False,
7400,0.2109375,-0.9921875,-0.03426016051875021,1.0,0.006631655030020892,False,False,
7401,0.9921875,-0.9921875,-0.009037237706227686,0.4883520966129874,0.0031213678535974127,False,False,
7402,0.9921875,-0.9921875,,,,False,False,
7403,0.9921875,-0.9921875,-0.010520059232293344,0.7390292008721113,0.004300814948472072,False,False,
7404,0.9921875,-0.9921875,,,,False,False,
7405,0.9921875,-0.9921875,-0.006239370693880732,0.5023992417892844,0.004412645830166921,False,False,
7406,0.9921875,-0.9921875,,,,False,False,
7407,0.9921875,-0.9921875,-0.004716939798570969,0.3957428220973971,0.0045538379340771895,False,False,
7408,0.9921875,-0.9921875,,,,False,False,
7409,0.9921875,-0.9921875,,,,False,False,
7410,0.9921875,-0.9921875,-0.002709061184953222,0.3626277206126393,0.004627750794924387,False,False,
7411,0.9921875,-0.9921875,,,,False,False,
7412,0.9921875,-0.9921875,-0.0010853199593174115,0.3398490646322206,0.00499141578228082,False,False,
7413,0.9921875,-0.9921875,,,,False,False,
7414,0.9921875,-0.9921875,0.000593206701822306,0.33505535257898433,0.005067543402235243,False,False,
7415,0.9921875,-0.9921875,,,,False,False,
7416,0.9921875,-0.9921875,,,,False,False,
7417,0.9921875,-0.9921875,0.0028524330192832626,0.33217213758497127,0.004930729337074909,False,False,
7418,0.9921875,-0.9921875,,,,False,False,
7419,0.9921875,-0.9921875,-0.027186263272054496,-1.0,-0.022519328425315652,False,False,
7420,0.9921875,1.0,,,,False,False,
7421,0.9921875,1.0,,,,False,False,
7422,0.9921875,1.0,-0.0565134155518856,-1.0,-0.018608482819013443,False,False,
7423,0.9921875,1.0,,,,False,False,
7424,0.9921875,1.0,-0.007454106038946307,-0.9909959690298519,-0.006876141159321864,False,False,
7425,0.9921875,1.0,,,,False,False,
7426,0.9921875,1.0,-0.0020639130123510986,-0.5045442292211066,-0.00504650013796828,False,False,
7427,0.9921875,1.0,,,,False,False,
7428,0.9921875,1.0,,,,False,False,
7429,0.9921875,1.0,-0.0013049366600581327,-0.44033830317506906,-0.005071391360415738,False,False,
7430,0.9921875,1.0,,,,False,False,
7431,0.9921875,1.0,0.0007489969808859541,-0.3577611320909597,-0.0050886006402061,False,False,
7432,0.9921875,1.0,,,,False,False,
7433,0.9921875,1.0,0.002410947929012076,-0.3455583892828272,-0.0049520064094109376,False,False,
7434,0.9921875,1.0,,,,False,False,
7435,0.9921875,1.0,,,,False,False,
7436,0.9921875,1.0,0.004471231861005807,-0.3372022899620759,-0.004452990583834495,False,False,
7437,0.9921875,1.0,,,,False,False,
7438,0.9921875,1.0,0.0047464789835365735,-0.32426952742743437,-0.003962899667738237,False,False,
7439,0.9921875,1.0,,,,False,False,
7440,0.9921875,1.0,0.0066857242583741785,-0.34307645026789213,-0.0033806410413522794,False,False,
7441,0.9921875,1.0,,,,False,False,
7442,0.9921875,1.0,0.007891700600852525,-0.3339883378573654,-0.0025332711944722705,False,False,
7443,0.9921875,1.0,,,,False,False,
7444,0.9921875,1.0,0.009036461267834974,-0.3175916349794959,-0.0016239311264910176,False,False,
7445,0.2109375,1.0,0.0032178333305745753,0.118069728644298,0.001107161790455146,False,False,
7446,0.9921875,0.6484375,-0.03172630608442669,1.0,0.0012631941914147474,False,False,
7447,0.9921875,0.0625,,,,False,False,
7448,0.9921875,0.0625,-0.02946828551328973,1.0,-0.0018100144838554598,False,False,
7449,0.9921875,-0.1328125,,,,False,False,
7450,0.9921875,-0.1328125,,,,False,False,
7451,0.9921875,-0.1328125,-0.006037878090074671,0.518258189081666,-0.001087284089634799,False,False,
7452,0.9921875,0.0234375,,,,False,False,
7453,0.9921875,0.0234375,0.007792896923961368,-0.6341667865742198,0.001728314653828492,False,False,
7454,0.9921875,0.0390625,,,,False,False,
7455,0.9921875,0.0390625,,,,False,False,
7456,0.9921875,0.0390625,0.005393422245083517,-0.3898404905285166,-0.0009141469834242401,False,False,
7457,0.9921875,0.1875,,,,False,False,
7458,0.9921875,0.1875,0.01013959029075943,-0.7421878795167004,0.0005681933777884765,False,False,
7459,0.9921875,0.296875,,,,False,False,
7460,0.9921875,0.296875,0.012595070468354976,-0.789742111135404,-0.0016294797868215928,False,False,
7461,0.9921875,0.609375,,,,False,False,
7462,0.9921875,0.609375,,,,False,False,
7463,0.9921875,0.609375,0.04199672175869589,-1.0,0.0038341693123156596,False,False,
7464,0.9921875,1.0,,,,False,False,
7465,0.9921875,1.0,,,,False,False,
7466,0.9921875,1.0,0.021190096856910486,-1.0,0.00276382140295159,False,False,
7467,0.9921875,1.0,,,,False,False,
7468,0.9921875,1.0,-0.022526635358912136,1.0,-0.0016112383033267802,False,False,
7469,0.9921875,0.234375,,,,False,False,
7470,0.9921875,0.234375,-0.02634342649282275,1.0,-0.0073005487213572366,False,False,
7471,0.9921875,-0.203125,,,,False,False,
7472,0.9921875,-0.203125,,,,False,False,
7473,0.9921875,-0.203125,-0.006078161201183025,1.0,-0.003067815981934788,False,False,
7474,0.9921875,-0.078125,,,,False,False,
7475,0.9921875,-0.078125,0.0013431876528138327,0.21601545705730363,-0.0011822672562482755,False,False,
7476,0.9921875,0.1484375,,,,False,False,
7477,0.9921875,0.1484375,0.00798283988624083,-1.0,0.004082341855673289,False,False,
7478,0.9921875,0.1875,,,,False,False,
7479,0.9921875,0.1875,,,,False,False,
7480,0.9921875,0.1875,-0.003737754517925763,0.299020391560083,-0.00021601109533896917,False,False,
7481,0.9921875,0.0234375,,,,False,False,
7482,0.9921875,0.0234375,-0.010792155145899086,1.0,-0.003892848747619997,False,False,
7483,0.9765625,-0.03125,,,,False,False,
7484,0.9765625,-0.03125,0.010254313046264662,-1.0,0.0030650920541023304,False,False,
7485,0.9921875,0.1015625,,,,False,False,
7486,0.9921875,0.1015625,,,,False,False,
7487,0.9921875,0.1015625,-0.0018393669311742597,0.1633405425169465,-0.000126574015388802,False,False,
7488,0.9921875,0.0078125,,,,False,False,
7489,0.9921875,0.0078125,-0.0025605284569692323,-0.2542396111946814,0.0011916826395474962,False,False,
7490,0.9921875,-0.125,,,,False,False,
7491,0.9921875,-0.125,-0.004104350793446657,0.9108938770251813,-0.0024822963032503404,False,False,
7492,0.9921875,-0.1484375,-0.0003403864185505773,0.1096020521501416,-0.0005455256267709441,False,False,
7493,0.9921875,-0.125,,,,False,False,
7494,0.9921875,-0.125,0.0011024629695553737,-0.05570295524764491,8.749652949156358e-05,False,False,
7495,0.9921875,-0.046875,,,,False,False,
7496,0.9921875,-0.046875,-0.014631008779570239,0.4540471037161219,-0.0006965271438934546,False,False,
7497,0.21875,-0.78125,0.010271907940304153,-0.20086364182844976,-0.0006459734623511491,False,False,
7498,0.9921875,-0.0078125,,,,False,False,
7499,0.9921875,-0.0078125,0.006331196556726838,-0.681999589757941,0.0016022255303867715,False,False,
7500,0.9921875,0.0390625,,,,False,False,
7501,0.9921875,0.0390625,-0.0019253345060209436,0.053917884349484246,0.00010249985141676598,False,False,
7502,0.9921875,-0.03125,,,,False,False,
7503,0.9921875,-0.03125,-0.0026766288344319757,0.33081944870082275,-0.0009085756451834256,False,False,
7504,0.9921875,-0.0859375,,,,False,False,
7505,0.9921875,-0.0859375,-0.0009398294755959136,0.5654817434304288,-0.0022905141206199207,False,False,
7506,0.9921875,-0.0,,,,False,False,
7507,0.9921875,-0.0,,,,False,False,
7508,0.9921875,-0.0,-1.84120195807371e-05,-0.5188128031064172,0.0016673254282900266,False,False,
7509,0.9921875,-0.0546875,,,,False,False,
7510,0.9921875,-0.0546875,-0.007276253800035287,0.6188162016830182,-0.001437556068438443,False,False,
7511,0.9921875,-0.203125,,,,False,False,
7512,0.9921875,-0.203125,0.0033448823447951286,-0.5042495641000583,0.0010959141897903904,False,False,
7513,0.9921875,-0.2578125,,,,False,False,
7514,0.9921875,-0.2578125,-0.022264724314873287,1.0,-0.004865294768860288,False,False,
7515,0.9921875,-0.515625,,,,False,False,
7516,0.9921875,-0.515625,,,,False,False,
7517,0.9921875,-0.515625,-0.010856489725699813,0.8702509601288959,-0.0029437507708107028,False,False,
7518,0.9921875,-0.53125,,,,False,False,
7519,0.9921875,-0.53125,-0.008324455106935916,0.49347920034562115,-0.001406283884876427,False,False,
7520,0.9921875,-0.6015625,,,,False,False,
7521,0.9921875,-0.6015625,,,,False,False,
7522,0.9921875,-0.6015625,-0.021684121803800496,1.0,-0.0021091404153192363,False,False,
7523,0.9921875,-0.96875,-0.016712579725986918,0.9809151675955187,-0.002751637403921202,False,False,
7524,0.9921875,-0.9765625,,,,False,False,
7525,0.9921875,-0.9765625,-0.0034858524993431335,0.062084772332401374,-0.0006194051541531489,False,False,
7526,0.9921875,-0.8046875,,,,False,False,
7527,0.9921875,-0.8046875,,,,False,False,
7528,0.9921875,-0.8046875,-0.013792887559780408,0.6641497779708336,0.0008864836334091085,False,False,
7529,0.9921875,-0.9921875,,,,False,False,
7530,0.9921875,-0.9921875,-0.01221262143239591,0.5467140778930537,0.000956266595263299,False,False,
7531,0.9921875,-0.9921875,,,,False,False,
7532,0.9921875,-0.9921875,-0.009975983036354752,0.42432703842641356,0.001864613537313629,False,False,
7533,0.9921875,-0.9921875,-0.007436367692453204,0.3330958015155243,0.002421825903004788,False,False,
7534,0.9921875,-0.9921875,-0.007833911902613894,0.3496223054065599,0.0026011630511420625,False,False,
7535,0.21875,-0.9921875,,,,False,False,
7536,0.21875,-0.9921875,,,,False,False,
7537,0.21875,-0.9921875,-0.006805489475994916,0.3642953335494818,0.0034060390984581167,False,False,
7538,0.9921875,-0.9921875,,,,False,False,
7539,0.9921875,-0.9921875,-0.005907428430794297,0.3506049625917138,0.003933938343663787,False,False,
7540,0.9921875,-0.9921875,,,,False,False,
7541,0.9921875,-0.9921875,,,,False,False,
7542,0.9921875,-0.9921875,-0.004134166756825063,0.34161679598606853,0.004108277217315089,False,False,
7543,0.21875,-0.9921875,,,,False,False,
7544,0.21875,-0.9921875,-0.0019316091916741966,0.34747235196153414,0.004806256984527022,False,False,
7545,0.9921875,-0.9921875,,,,False,False,
7546,0.9921875,-0.9921875,-0.0007206896321247265,0.3419554135766303,0.0048923211098057815,False,False,
7547,0.9921875,-0.9921875,,,,False,False,
7548,0.9921875,-0.9921875,,,,False,False,
7549,0.9921875,-0.9921875,0.0008815106245535758,0.3414299914202692,0.004969473907629826,False,False,
7550,0.9921875,-0.9921875,0.002499077980358963,0.3322402611795275,0.004677384497867132,False,False,
7551,0.9921875,-0.9921875,,,,False,False,
7552,0.9921875,-0.9921875,,,,False,False,
7553,0.9921875,-0.9921875,0.004401372077634281,0.3450022197840732,0.0044906184411039425,False,False,
7554,0.9921875,-0.9921875,,,,False,False,
7555,0.9921875,-0.9921875,0.00596571730569972,0.33758316322165655,0.003992083004398489,False,False,
7556,0.9921875,-0.9921875,,,,False,False,
7557,0.9921875,-0.9921875,,,,False,False,
7558,0.9921875,-0.9921875,0.006568359065939959,0.3322734885336792,0.0031149035662481825,False,False,
7559,0.9921875,-0.9921875,,,,False,False,
7560,0.9921875,-0.9921875,0.008154831267624157,0.3427444620326952,0.0023734586433466105,False,False,
7561,0.9921875,-0.9921875,,,,False,False,
7562,0.9921875,-0.9921875,,,,False,False,
7563,0.9921875,-0.9921875,0.008811420673458524,0.33705805815082734,0.0013845482660340292,False,False,
7564,0.9921875,-0.9921875,,,,False,False,
7565,0.9921875,-0.9921875,0.009058144486033017,0.3309495785686277,0.0002493582271848657,False,False,
7566,0.9921875,-0.9921875,0.009027397072339226,0.3322492536686961,-0.0006104772743269424,False,False,
7567,0.9921875,-0.9921875,-0.002866530804472305,-0.6151776467023711,-0.0018016273004622277,False,False,
7568,0.9921875,-0.625,,,,False,False,
7569,0.9921875,-0.625,,,,False,False,
7570,0.9921875,-0.625,-0.05772142819142546,-1.0,0.006051238778843057,False,False,
7571,0.9921875,0.28125,,,,False,False,
7572,0.9921875,0.28125,-0.010039489555509706,-1.0,0.0032484654312677917,False,False,
7573,0.9765625,0.3046875,,,,False,False,
7574,0.9765625,0.3046875,-0.012466757509736876,-1.0,0.002120684274606656,False,False,
7575,0.9921875,0.2421875,,,,False,False,
7576,0.9921875,0.2421875,,,,False,False,
7577,0.9921875,0.2421875,0.006452250130005473,0.6505475553089974,-0.0006801426654201252,False,False,
7578,0.9921875,0.0390625,,,,False,False,
7579,0.9921875,0.0390625,0.002477531140053023,0.37848939786793845,-0.0009167841999711388,False,False,
7580,0.9921875,0.015625,,,,False,False,
7581,0.9921875,0.015625,-0.002265024265095462,0.028078572964837213,-0.0008873776797196925,False,False,
7582,0.9921875,0.140625,,,,False,False,
7583,0.9921875,0.140625,-0.007892233207014982,-0.815618863869624,0.0019370451545086232,False,False,
7584,0.9921875,0.21875,,,,False,False,
7585,0.9921875,0.21875,,,,False,False,
7586,0.9921875,0.21875,-0.009320383601251456,-0.7051121321609142,0.0011840929668707726,False,False,
7587,0.9921875,0.3125,,,,False,False,
7588,0.9921875,0.3125,-0.013078448461413273,-0.940574014144584,0.0016789280197654563,False,False,
7589,0.9921875,0.4296875,,,,False,False,
7590,0.9921875,0.4296875,-0.012218431939825166,-0.7424492873186994,0.0003570248745214167,False,False,
7591,0.9921875,0.6171875,,,,False,False,
7592,0.9921875,0.6171875,-0.021725792442985177,-1.0,0.0014712669927637151,False,False,
7593,0.9921875,0.84375,,,,False,False,
7594,0.9921875,0.84375,,,,False,False,
7595,0.9921875,0.84375,-0.012336791963519621,-0.6322916749670265,0.00015215244204645835,False,False,
7596,0.9921875,1.0,,,,False,False,
7597,0.9921875,1.0,,,,False,False,
7598,0.9921875,1.0,-0.021423843358453154,-1.0,-0.00038780399823709724,False,False,
7599,0.9921875,1.0,,,,False,False,
7600,0.9921875,1.0,-0.010925492240614246,-0.4862289849314227,-0.0015198809432332636,False,False,
7601,0.9921875,1.0,,,,False,False,
7602,0.9921875,1.0,,,,False,False,
7603,0.9921875,1.0,0.0036375097852668777,0.42474176506875166,-0.0013397063100732188,False,False,
7604,0.9921875,1.0,,,,False,False,
7605,0.9921875,1.0,-0.013921830290824808,-0.7260112181666891,-0.004172321303755294,False,False,
7606,0.9921875,1.0,,,,False,False,
7607,0.9921875,1.0,0.030324769108555437,1.0,0.011574109660803597,False,False,
7608,0.9921875,-0.265625,,,,False,False,
7609,0.9921875,-0.265625,,,,False,False,
7610,0.9921875,-0.265625,0.038410240862078664,1.0,0.014647201847051119,False,False,
7611,0.9921875,-0.328125,,,,False,False,
7612,0.9921875,-0.328125,-0.005589160588894219,-0.9303000747798612,-0.0021963177104023183,False,False,
7613,0.9921875,-0.125,,,,False,False,
7614,0.9921875,-0.125,,,,False,False,
7615,0.9921875,-0.125,-0.010900147201381676,-0.852738202303801,-0.0023953881407515025,False,False,
7616,0.9921875,-0.0625,,,,False,False,
7617,0.9921875,-0.0625,0.0010708644713479571,0.10711987825957577,0.00054350261145702,False,False,
7618,0.9921875,-0.1171875,,,,False,False,
7619,0.9921875,-0.1171875,0.004738775570783686,0.17354602761437093,0.000903444004523109,False,False,
7620,0.9921875,-0.0234375,,,,False,False,
7621,0.9921875,-0.0234375,-0.0043125852031550595,-0.15356953687181432,-0.00034037054160128,False,False,
7622,0.9921875,-0.1015625,,,,False,False,
7623,0.9921875,-0.1015625,0.0036994103979557285,0.40919610068747436,0.001618938802797626,False,False,
7624,0.9921875,-0.1875,,,,False,False,
7625,0.9921875,-0.1875,,,,False,False,
7626,0.9921875,-0.1875,0.014421025320372401,0.8343438811806817,0.002791870828350076,False,False,
7627,0.9921875,-0.125,,,,False,False,
7628,0.9921875,-0.125,-0.009097616300159162,0.6356077461247561,0.0030609478207987814,False,False,
7629,0.9921875,-0.8984375,,,,False,False,
7630,0.9921875,-0.8984375,,,,False,False,
7631,0.9921875,-0.8984375,0.04657486229693827,1.0,0.009625380339781999,False,False,
7632,0.9921875,-0.9921875,,,,False,False,
7633,0.9921875,-0.9921875,,,,False,False,
7634,0.9921875,-0.9921875,0.01423276607440324,0.8387143724650483,0.003600824475743952,False,False,
7635,0.9921875,-0.9921875,,,,False,False,
7636,0.9921875,-0.9921875,0.00979257415694662,0.4766625278597327,0.0021180009431693665,False,False,
7637,0.9921875,-0.9921875,,,,False,False,
7638,0.9921875,-0.9921875,0.009622519310357625,0.394020639994568,0.0011122429493367276,False,False,
7639,0.9921875,-0.9921875,,,,False,False,
7640,0.9921875,-0.9921875,0.009455332476621179,0.36537804453530726,0.00013699709486234452,False,False,
7641,0.9921875,-0.9921875,0.00872208789625767,0.32921628339368836,-0.000809602955474109,False,False,
7642,0.9921875,-0.9921875,0.00893496129956723,0.3415182577492768,-0.0009301979666983562,False,False,
7643,0.9921875,-0.9921875,,,,False,False,
7644,0.9921875,-0.9921875,,,,False,False,
7645,0.9921875,-0.9921875,0.008787829368131498,0.3561767018579982,-0.0017259014065452438,False,False,
7646,0.9921875,-0.9921875,,,,False,False,
7647,0.9921875,-0.9921875,0.007856407300413813,0.3495597185113448,-0.0026384071520822094,False,False,
7648,0.9921875,-0.9921875,0.00640924185564653,0.3286848948854282,-0.0033681398671351953,False,False,
7649,0.9921875,-0.9921875,,,,False,False,
7650,0.9921875,-0.9921875,0.006315297772889092,0.34000086582324796,-0.003552341246000943,False,False,
7651,0.9921875,-0.9921875,,,,False,False,
7652,0.9921875,-0.9921875,0.005415118256746429,0.34205035071777845,-0.004108049474700754,False,False,
7653,0.9921875,-0.9921875,,,,False,False,
7654,0.9921875,-0.9921875,,,,False,False,
7655,0.9921875,-0.9921875,0.003940122888123892,0.34136923180392903,-0.004664780801571381,False,False,
7656,0.9921875,-0.9921875,,,,False,False,
7657,0.9921875,-0.9921875,,,,False,False,
7658,0.9921875,-0.9921875,0.001854741837779535,0.3410236210438772,-0.004791213766592775,False,False,
7659,0.9921875,-0.9921875,,,,False,False,
7660,0.9921875,-0.9921875,-0.00021209742177672334,0.3389396943814144,-0.004800930042798569,False,False,
7661,0.9921875,-0.9921875,,,,False,False,
7662,0.9921875,-0.9921875,,,,False,False,
7663,0.9921875,-0.9921875,-0.0021445646026253436,0.3378550622148674,-0.004798173459176669,False,False,
7664,0.9921875,-0.9921875,,,,False,False,
7665,0.9921875,-0.9921875,-0.003971995316142441,0.3364720831835591,-0.004447876308725305,False,False,
7666,0.9921875,-0.9921875,,,,False,False,
7667,0.9921875,-0.9921875,,,,False,False,
7668,0.9921875,-0.9921875,-0.0051829155842618236,0.33518043424125493,-0.0038211729046371337,False,False,
7669,0.9921875,-0.9921875,,,,False,False,
7670,0.9921875,-0.9921875,0.0036406246808259233,-0.1910851292064311,-0.0020467659765753014,False,False,
7671,0.9921875,-0.7109375,,,,False,True,
7672,0.9921875,-0.7109375,0.04571731753381393,-1.0,0.006961738898431598,False,True,
7673,0.9921875,0.1953125,,,,False,True,
7674,0.9921875,0.1953125,,,,False,True,
7675,0.9921875,0.1953125,0.021345933191412442,-1.0,0.008887477897294042,False,True,
7676,0.9921875,0.28125,,,,False,True,
7677,0.9921875,0.28125,-0.004320920192397333,0.40656940266079655,-0.0006178113185432071,False,True,
7678,0.9921875,-0.015625,-0.003762630166835527,1.0,-0.0034347270649388484,False,True,
7679,0.9921875,-0.1171875,-0.013898150820259693,0.9200591177538413,-0.0011383730602212046,False,True,
7680,0.9921875,-0.9921875,-0.006893706176650875,0.51008904684975,-0.001906031941971875,False,False,
7681,0.9921875,-0.9921875,0.000442924966219242,0.020200617477091093,-0.002435658546586798,False,False,
7682,0.9921875,-0.359375,,,,False,True,
7683,0.9921875,-0.359375,0.03251900746250615,-1.0,0.0038586976476783197,False,True,
7684,0.9921875,0.515625,,,,False,True,
7685,0.9921875,0.515625,0.005527737859387681,-0.5213368347246821,0.003086793825212411,False,True,
7686,0.9921875,0.234375,,,,False,True,
7687,0.9921875,0.234375,-0.009727882764330426,1.0,-0.0029582222680015393,False,True,
7688,0.9921875,-0.03125,-0.0006922854524417651,0.09893865062690517,-0.0003576300426094112,False,True,
7689,0.9921875,-0.0390625,,,,False,True,
7690,0.9921875,-0.0390625,-0.0008231653080621539,0.10508290380024177,-0.0007453145327846542,False,True,
7691,0.9921875,0.0234375,,,,False,True,
7692,0.9921875,0.0234375,0.0039873409919591275,-0.2976656251892907,0.0005118827911207369,False,True,
7693,0.9921875,0.09375,,,,False,True,
7694,0.9921875,0.09375,0.0013667260125632568,-0.15180723931727322,0.0005912779989171072,False,True,
7695,0.9921875,0.0703125,,,,False,True,
7696,0.9921875,0.0703125,,,,False,True,
7697,0.9921875,0.0703125,-0.001470075869858394,0.14490399985523142,-0.0001498025428417707,False,False,
7698,0.9921875,0.015625,,,,False,False,
7699,0.9921875,0.015625,0.006751910309643012,-0.42031838520442794,-0.0006387250357265176,False,False,
7700,0.9921875,0.3125,,,,False,False,
7701,0.9921875,0.3125,-0.004403173369687097,0.26153159233746165,0.001321855957638798,False,False,
7702,0.9921875,-0.0234375,,,,False,False,
7703,0.9921875,-0.0234375,,,,False,False,
7704,0.9921875,-0.0234375,-0.004930496349826303,0.47580750998827165,-0.001022418229592331,False,False,
7705,0.9921875,-0.0234375,,,,False,False,
7706,0.9921875,-0.0234375,0.002653102741778896,-0.2002185503405633,-0.00010430318384060637,False,False,
7707,0.9921875,0.0546875,,,,False,False,
7708,0.9921875,0.0546875,0.0009125400410920626,-0.09046622892245287,0.00042372025672302727,False,False,
7709,0.9921875,0.046875,,,,False,False,
7710,0.9921875,0.046875,-0.00026552325916589847,0.01607539735742429,0.00022183869993168645,False,False,
7711,0.9921875,0.03125,,,,False,False,
7712,0.9921875,0.03125,0.0067715512599353265,-0.44688299910590046,-9.426729097990201e-05,False,False,
7713,0.9921875,0.28125,,,,False,False,
7714,0.9921875,0.28125,,,,False,False,
7715,0.9921875,0.28125,-0.0009310478383899459,-0.0213047354926723,0.0010819057363210761,False,False,
7716,0.9921875,0.0390625,,,,False,False,
7717,0.9921875,0.0390625,-0.004995255892170607,0.4966161343681342,-0.0009528900222195543,False,False,
7718,0.9921875,-0.03125,,,,False,False,
7719,0.9921875,-0.03125,0.0012087993834498743,-0.08768673558928447,-6.291156039172251e-06,False,False,
7720,0.9921875,0.046875,,,,False,False,
7721,0.9921875,0.046875,0.00622515672343262,-0.5210923134396483,0.0008258120149141102,False,False,
7722,0.9921875,0.140625,,,,False,False,
7723,0.9921875,0.140625,,,,False,True,
7724,0.9921875,0.140625,-0.004039635724165217,0.33205045527611016,-3.414873422102913e-05,False,True,
7725,0.9921875,0.0234375,,,,False,True,
7726,0.9921875,0.0234375,0.0026608878627736783,-0.16055303389185907,-2.714170367060063e-05,False,True,
7727,0.9921875,0.0859375,,,,False,True,
7728,0.9921875,0.0859375,,,,False,True,
7729,0.9921875,0.0859375,0.0015857806650279066,-0.05108387194558932,0.00014972454303212776,False,True,
7730,0.9921875,0.0625,,,,False,True,
7731,0.9921875,0.0625,,,,False,True,
7732,0.9921875,0.0625,-0.001091571950816877,0.08026959727520966,-0.00010145060562025043,False,True,
7733,0.9921875,0.0625,,,,False,True,
7734,0.9921875,0.0625,0.000893025716019528,-0.04235755542018148,0.0001465803414309045,False,False,
7735,0.9921875,0.0703125,,,,False,False,
7736,0.9921875,0.0703125,,,,False,False,
7737,0.9921875,0.0703125,0.0006418206260873006,-0.036182847588475654,0.0001208538553881797,False,False,
7738,0.9921875,0.0703125,,,,False,False,
7739,0.9921875,0.0703125,0.00012930291816847184,0.00018018210687445815,0.00012986745320972665,False,False,
7740,0.9921875,0.0625,,,,False,False,
7741,0.9921875,0.0625,0.0005442633446846399,-0.02993867852027188,0.0001251624422109139,False,False,
7742,0.9921875,0.0625,,,,False,False,
7743,0.9921875,0.0625,0.0005491925096563757,-0.02286905614685891,4.9687679181479795e-05,False,False,
7744,0.9921875,0.0625,,,,False,False,
7745,0.9921875,0.0625,0.0003211605599765015,-0.01851852288686599,0.00016759896373852453,False,False,
7746,0.9921875,0.0625,,,,False,False,
7747,0.9921875,0.0625,,,,False,False,
7748,0.9921875,0.0625,0.007269060464377602,-0.5367258077705087,0.0006331020014126245,False,False,
7749,0.9921875,0.265625,,,,False,False,
7750,0.9921875,0.265625,-0.03808235568153491,1.0,5.931739636335573e-06,False,False,
7751,0.9921875,-0.9921875,,,,False,False,
7752,0.9921875,-0.9921875,,,,False,False,
7753,,,,,,False,,
7754,,,,,,False,,
7755,,,,,,False,,
7756,,,,,,False,,
7757,,,,,,False,,
7758,,,,,,False,,
7759,,,,,,False,,
7760,,,,,,False,,
7761,,,,,,False,,
7762,,,,,,False,,
7763,,,,,,False,,
7764,,,,,,False,,
7765,,,,,,False,,
7766,,,,,,False,,
7767,,,,,,False,,
7768,,,,,,False,,
7769,,,,,,False,,
7770,,,,,,False,,
7771,,,,,,False,,
7772,,,,,,False,,
7773,,,,,,False,,
7774,,,,,,False,,
7775,,,,,,False,,
7776,,,,,,False,,
7777,,,,,,False,,
7778,,,,,,False,,
7779,,,,,,False,,
7780,,,,,,False,,
7781,,,,,,False,,
7782,,,,,,False,,
7783,,,,,,False,,
7784,,,,,,False,,
7785,,,,,,False,,
7786,,,,,,False,,
7787,,,,,,False,,
7788,,,,,,False,,
7789,,,,,,False,,
7790,,,,,,False,,
7791,,,,,,False,,
7792,,,,,,False,,
7793,,,,,,False,,
7794,,,,,,False,,
7795,,,,,,False,,
7796,,,,,,False,,
7797,,,,,,False,,
7798,,,,,,False,,
7799,,,,,,False,,
7800,,,,,,False,,
7801,,,,,,False,,
7802,,,,,,False,,
7803,,,,,,False,,
7804,,,,,,False,,
7805,,,,,,False,,
7806,,,,,,False,,
7807,,,,,,False,,
7808,,,,,,False,,
7809,,,,,,False,,
7810,,,,,,False,,
7811,,,,,,False,,
7812,,,,,,False,,
7813,,,,,,False,,
7814,,,,,,False,,
7815,,,,,,False,,
7816,,,,,,False,,
7817,,,,,,False,,
7818,,,,,,False,,
7819,,,,,,False,,
7820,,,,,,False,,
7821,,,,,,False,,
7822,,,,,,False,,
7823,,,,,,False,,
7824,,,,,,False,,
7825,,,,,,False,,
7826,,,,,,False,,
7827,,,,,,False,,
7828,,,,,,False,,
7829,,,,,,False,,
7830,,,,,,False,,
7831,,,,,,False,,
7832,,,,,,False,,
7833,,,,,,False,,
7834,,,,,,False,,
7835,,,,,,False,,
7836,,,,,,False,,
7837,,,,,,False,,
7838,,,,,,False,,
7839,,,,,,False,,
7840,,,,,,False,,
7841,,,,,,False,,
7842,,,,,,False,,
7843,,,,,,False,,
7844,,,,,,False,,
7845,,,,,,False,,
7846,,,,,,False,,
7847,,,,,,False,,
7848,,,,,,False,,
7849,,,,,,False,,
7850,,,,,,False,,
7851,,,,,,False,,
7852,,,,,,False,,
7853,,,,,,False,,
7854,,,,,,False,,
7855,,,,,,False,,
7856,,,,,,False,,
7857,,,,,,False,,
7858,,,,,,False,,
7859,,,,,,False,,
7860,,,,,,False,,
7861,,,,,,False,,
7862,,,,,,False,,
7863,,,,,,False,,
7864,,,,,,False,,
7865,,,,,,False,,
7866,,,,,,False,,
7867,,,,,,False,,
7868,,,,,,False,,
7869,,,,,,False,,
7870,,,,,,False,,
7871,,,,,,False,,
7872,,,,,,False,,
7873,,,,,,False,,
7874,,,,,,False,,
7875,,,,,,False,,
7876,,,,,,False,,
7877,,,,,,False,,
7878,,,,,,False,,
7879,,,,,,False,,
7880,,,,,,False,,
7881,,,,,,False,,
7882,,,,,,False,,
7883,,,,,,False,,
7884,,,,,,False,,
7885,,,,,,False,,
7886,,,,,,False,,
7887,,,,,,False,,
7888,,,,,,False,,
7889,,,,,,False,,
7890,,,,,,False,,
7891,,,,,,False,,
7892,,,,,,False,,
7893,,,,,,False,,
7894,,,,,,False,,
7895,,,,,,False,,
7896,,,,,,False,,
7897,,,,,,False,,
7898,,,,,,False,,
7899,,,,,,False,,
7900,,,,,,False,,
7901,,,,,,False,,
7902,,,,,,False,,
7903,,,,,,False,,
7904,,,,,,False,,
7905,,,,,,False,,
7906,,,,,,False,,
7907,,,,,,False,,
7908,,,,,,False,,
7909,,,,,,False,,
7910,,,,,,False,,
7911,,,,,,False,,
7912,,,,,,False,,
7913,,,,,,False,,
7914,,,,,,False,,
7915,,,,,,False,,
7916,,,,,,False,,
7917,,,,,,False,,
7918,,,,,,False,,
7919,,,,,,False,,
7920,,,,,,False,,
7921,,,,,,False,,
7922,,,,,,False,,
7923,,,,,,False,,
7924,,,,,,False,,
7925,,,,,,False,,
7926,,,,,,False,,
7927,,,,,,False,,
7928,,,,,,False,,
7929,,,,,,False,,
7930,,,,,,False,,
7931,,,,,,False,,
7932,,,,,,False,,
7933,,,,,,False,,
7934,,,,,,False,,
7935,,,,,,False,,
7936,,,,,,False,,
7937,,,,,,False,,
7938,,,,,,False,,
7939,,,,,,False,,
7940,,,,,,False,,
7941,,,,,,False,,
7942,,,,,,False,,
7943,,,,,,False,,
7944,,,,,,False,,
7945,,,,,,False,,
7946,,,,,,False,,
7947,,,,,,False,,
7948,,,,,,False,,
7949,,,,,,False,,
7950,,,,,,False,,
7951,,,,,,False,,
7952,,,,,,False,,
7953,,,,,,False,,
7954,,,,,,False,,
7955,,,,,,False,,
7956,,,,,,False,,
7957,,,,,,False,,
7958,,,,,,False,,
7959,,,,,,False,,
7960,,,,,,False,,
7961,,,,,,False,,
7962,,,,,,False,,
7963,,,,,,False,,
7964,,,,,,False,,
7965,,,,,,False,,
7966,,,,,,False,,
7967,,,,,,False,,
7968,,,,,,False,,
7969,,,,,,False,,
7970,,,,,,False,,
7971,,,,,,False,,
7972,,,,,,False,,
7973,,,,,,False,,
7974,,,,,,False,,
7975,,,,,,False,,
7976,,,,,,False,,
7977,,,,,,False,,
7978,,,,,,False,,
7979,,,,,,False,,
7980,,,,,,False,,
7981,,,,,,False,,
7982,,,,,,False,,
7983,,,,,,False,,
7984,,,,,,False,,
7985,,,,,,False,,
7986,,,,,,False,,
7987,,,,,,False,,
7988,,,,,,False,,
7989,,,,,,False,,
7990,,,,,,False,,
7991,,,,,,False,,
7992,,,,,,False,,
7993,,,,,,False,,
7994,,,,,,False,,
7995,,,,,,False,,
7996,,,,,,False,,
7997,,,,,,False,,
7998,,,,,,False,,
7999,,,,,,False,,
8000,,,,,,False,,
8001,,,,,,False,,
8002,,,,,,False,,
8003,,,,,,False,,
8004,,,,,,False,,
8005,,,,,,False,,
8006,,,,,,False,,
8007,,,,,,False,,
8008,,,,,,False,,
8009,,,,,,False,,
8010,,,,,,False,,
8011,,,,,,False,,
8012,,,,,,False,,
8013,,,,,,False,,
8014,,,,,,False,,
8015,,,,,,False,,
8016,,,,,,False,,
8017,,,,,,False,,
8018,,,,,,False,,
8019,,,,,,False,,
8020,,,,,,False,,
8021,,,,,,False,,
8022,,,,,,False,,
8023,,,,,,False,,
8024,,,,,,False,,
8025,,,,,,False,,
8026,,,,,,False,,
8027,,,,,,False,,
8028,,,,,,False,,
8029,,,,,,False,,
8030,,,,,,False,,
8031,,,,,,False,,
8032,,,,,,False,,
8033,,,,,,False,,
8034,,,,,,False,,
8035,,,,,,False,,
8036,,,,,,False,,
8037,,,,,,False,,
8038,,,,,,False,,
8039,,,,,,False,,
8040,,,,,,False,,
8041,,,,,,False,,
8042,,,,,,False,,
8043,,,,,,False,,
8044,,,,,,False,,
8045,,,,,,False,,
8046,,,,,,False,,
8047,,,,,,False,,
8048,,,,,,False,,
8049,,,,,,False,,
8050,,,,,,False,,
8051,,,,,,False,,
8052,,,,,,False,,
8053,,,,,,False,,
8054,,,,,,False,,
8055,,,,,,False,,
8056,,,,,,False,,
8057,,,,,,False,,
8058,,,,,,False,,
8059,,,,,,False,,
8060,,,,,,False,,
8061,,,,,,False,,
8062,,,,,,False,,
8063,,,,,,False,,
8064,,,,,,False,,
8065,,,,,,False,,
8066,,,,,,False,,
8067,,,,,,False,,
8068,,,,,,False,,
8069,,,,,,False,,
8070,,,,,,False,,
8071,,,,,,False,,
8072,,,,,,False,,
8073,,,,,,False,,
8074,,,,,,False,,
8075,,,,,,False,,
8076,,,,,,False,,
8077,,,,,,False,,
8078,,,,,,False,,
8079,,,,,,False,,
8080,,,,,,False,,
8081,,,,,,False,,
8082,,,,,,False,,
8083,,,,,,False,,
8084,,,,,,False,,
8085,,,,,,False,,
8086,,,,,,False,,
8087,,,,,,False,,
8088,,,,,,False,,
8089,,,,,,False,,
8090,,,,,,False,,
8091,,,,,,False,,
8092,,,,,,False,,
8093,,,,,,False,,
8094,,,,,,False,,
8095,,,,,,False,,
8096,,,,,,False,,
8097,,,,,,False,,
8098,,,,,,False,,
8099,,,,,,False,,
8100,,,,,,False,,
8101,,,,,,False,,
8102,,,,,,False,,
8103,,,,,,False,,
8104,,,,,,False,,
8105,,,,,,False,,
8106,,,,,,False,,
8107,,,,,,False,,
8108,,,,,,False,,
8109,,,,,,False,,
8110,,,,,,False,,
8111,,,,,,False,,
8112,,,,,,False,,
8113,,,,,,False,,
8114,,,,,,False,,
8115,,,,,,False,,
8116,,,,,,False,,
8117,,,,,,False,,
8118,,,,,,False,,
8119,,,,,,False,,
8120,,,,,,False,,
8121,,,,,,False,,
8122,,,,,,False,,
8123,,,,,,False,,
8124,,,,,,False,,
8125,,,,,,False,,
8126,,,,,,False,,
8127,,,,,,False,,
8128,,,,,,False,,
8129,,,,,,False,,
8130,,,,,,False,,
8131,,,,,,False,,
8132,,,,,,False,,
8133,,,,,,False,,
8134,,,,,,False,,
8135,,,,,,False,,
8136,,,,,,False,,
8137,,,,,,False,,
8138,,,,,,False,,
8139,,,,,,False,,
8140,,,,,,False,,
8141,,,,,,False,,
8142,,,,,,False,,
8143,,,,,,False,,
8144,,,,,,False,,
8145,,,,,,False,,
8146,,,,,,False,,
8147,,,,,,False,,
8148,,,,,,False,,
8149,,,,,,False,,
8150,,,,,,False,,
8151,,,,,,False,,
8152,,,,,,False,,
8153,,,,,,False,,
8154,,,,,,False,,
8155,,,,,,False,,
8156,,,,,,False,,
8157,,,,,,False,,
8158,,,,,,False,,
8159,,,,,,False,,
8160,,,,,,False,,
8161,,,,,,False,,
8162,,,,,,False,,
8163,,,,,,False,,
8164,,,,,,False,,
8165,,,,,,False,,
8166,,,,,,False,,
8167,,,,,,False,,
8168,,,,,,False,,
8169,,,,,,False,,
8170,,,,,,False,,
8171,,,,,,False,,
8172,,,,,,False,,
8173,,,,,,False,,
8174,,,,,,False,,
8175,,,,,,False,,
8176,,,,,,False,,
8177,,,,,,False,,
8178,,,,,,False,,
8179,,,,,,False,,
8180,,,,,,False,,
8181,,,,,,False,,
8182,,,,,,False,,
8183,,,,,,False,,
8184,,,,,,False,,
8185,,,,,,False,,
8186,,,,,,False,,
8187,,,,,,False,,
8188,,,,,,False,,
8189,,,,,,False,,
8190,,,,,,False,,
8191,,,,,,False,,
8192,,,,,,False,,
8193,,,,,,False,,
8194,,,,,,False,,
8195,,,,,,False,,
8196,,,,,,False,,
8197,,,,,,False,,
8198,,,,,,False,,
8199,,,,,,False,,
8200,,,,,,False,,
8201,,,,,,False,,
8202,,,,,,False,,
8203,,,,,,False,,
8204,,,,,,False,,
8205,,,,,,False,,
8206,,,,,,False,,
8207,,,,,,False,,
8208,,,,,,False,,
8209,,,,,,False,,
8210,,,,,,False,,
8211,,,,,,False,,
8212,,,,,,False,,
8213,,,,,,False,,
8214,,,,,,False,,
8215,,,,,,False,,
8216,,,,,,False,,
8217,,,,,,False,,
8218,,,,,,False,,
8219,,,,,,False,,
8220,,,,,,False,,
8221,,,,,,False,,
8222,,,,,,False,,
8223,,,,,,False,,
8224,,,,,,False,,
8225,,,,,,False,,
8226,,,,,,False,,
8227,,,,,,False,,
8228,,,,,,False,,
8229,,,,,,False,,
8230,,,,,,False,,
8231,,,,,,False,,
8232,,,,,,False,,
8233,,,,,,False,,
8234,,,,,,False,,
8235,,,,,,False,,
8236,,,,,,False,,
8237,,,,,,False,,
8238,,,,,,False,,
8239,,,,,,False,,
8240,,,,,,False,,
8241,,,,,,False,,
8242,,,,,,False,,
8243,,,,,,False,,
8244,,,,,,False,,
8245,,,,,,False,,
8246,,,,,,False,,
8247,,,,,,False,,
8248,,,,,,False,,
8249,,,,,,False,,
8250,,,,,,False,,
8251,,,,,,False,,
8252,,,,,,False,,
8253,,,,,,False,,
8254,,,,,,False,,
8255,,,,,,False,,
8256,,,,,,False,,
8257,,,,,,False,,
8258,,,,,,False,,
8259,,,,,,False,,
8260,,,,,,False,,
8261,,,,,,False,,
8262,,,,,,False,,
8263,,,,,,False,,
8264,,,,,,False,,
8265,,,,,,False,,
8266,,,,,,False,,
8267,,,,,,False,,
8268,,,,,,False,,
8269,,,,,,False,,
8270,,,,,,False,,
8271,,,,,,False,,
8272,,,,,,False,,
8273,,,,,,False,,
8274,,,,,,False,,
8275,,,,,,False,,
8276,,,,,,False,,
8277,,,,,,False,,
8278,,,,,,False,,
8279,,,,,,False,,
8280,,,,,,False,,
8281,,,,,,False,,
8282,,,,,,False,,
8283,,,,,,False,,
8284,,,,,,False,,
8285,,,,,,False,,
8286,,,,,,False,,
8287,,,,,,False,,
8288,,,,,,False,,
8289,,,,,,False,,
8290,,,,,,False,,
8291,,,,,,False,,
8292,,,,,,False,,
8293,,,,,,False,,
8294,,,,,,False,,
8295,,,,,,False,,
8296,,,,,,False,,
8297,,,,,,False,,
8298,,,,,,False,,
8299,,,,,,False,,
8300,,,,,,False,,
8301,,,,,,False,,
8302,,,,,,False,,
8303,,,,,,False,,
8304,,,,,,False,,
8305,,,,,,False,,
8306,,,,,,False,,
8307,,,,,,False,,
8308,,,,,,False,,
8309,,,,,,False,,
8310,,,,,,False,,
8311,,,,,,False,,
8312,,,,,,False,,
8313,,,,,,False,,
8314,,,,,,False,,
8315,,,,,,False,,
8316,,,,,,False,,
8317,,,,,,False,,
8318,,,,,,False,,
8319,,,,,,False,,
8320,,,,,,False,,
8321,,,,,,False,,
8322,,,,,,False,,
8323,,,,,,False,,
8324,,,,,,False,,
8325,,,,,,False,,
8326,,,,,,False,,
8327,,,,,,False,,
8328,,,,,,False,,
8329,,,,,,False,,
8330,,,,,,False,,
8331,,,,,,False,,
8332,,,,,,False,,
8333,,,,,,False,,
8334,,,,,,False,,
8335,,,,,,False,,
8336,,,,,,False,,
8337,,,,,,False,,
8338,,,,,,False,,
8339,,,,,,False,,
8340,,,,,,False,,
8341,,,,,,False,,
8342,,,,,,False,,
8343,,,,,,False,,
8344,,,,,,False,,
8345,,,,,,False,,
8346,,,,,,False,,
8347,,,,,,False,,
8348,,,,,,False,,
8349,,,,,,False,,
8350,,,,,,False,,
8351,,,,,,False,,
8352,,,,,,False,,
8353,,,,,,False,,
8354,,,,,,False,,
8355,,,,,,False,,
8356,,,,,,False,,
8357,,,,,,False,,
8358,,,,,,False,,
8359,,,,,,False,,
8360,,,,,,False,,
8361,,,,,,False,,
8362,,,,,,False,,
8363,,,,,,False,,
8364,,,,,,False,,
8365,,,,,,False,,
8366,,,,,,False,,
8367,,,,,,False,,
8368,,,,,,False,,
8369,,,,,,False,,
8370,,,,,,False,,
8371,,,,,,False,,
8372,,,,,,False,,
8373,,,,,,False,,
8374,,,,,,False,,
8375,,,,,,False,,
8376,,,,,,False,,
8377,,,,,,False,,
8378,,,,,,False,,
8379,,,,,,False,,
8380,,,,,,False,,
8381,,,,,,False,,
8382,,,,,,False,,
8383,,,,,,False,,
8384,,,,,,False,,
8385,,,,,,False,,
8386,,,,,,False,,
8387,,,,,,False,,
8388,,,,,,False,,
8389,,,,,,False,,
8390,,,,,,False,,
8391,,,,,,False,,
8392,,,,,,False,,
8393,,,,,,False,,
8394,,,,,,False,,
8395,,,,,,False,,
8396,,,,,,False,,
8397,,,,,,False,,
8398,,,,,,False,,
8399,,,,,,False,,
8400,,,,,,False,,
8401,,,,,,False,,
8402,,,,,,False,,
8403,,,,,,False,,
8404,,,,,,False,,
8405,,,,,,False,,
8406,,,,,,False,,
8407,,,,,,False,,
8408,,,,,,False,,
8409,,,,,,False,,
8410,,,,,,False,,
8411,,,,,,False,,
8412,,,,,,False,,
8413,,,,,,False,,
8414,,,,,,False,,
8415,,,,,,False,,
8416,,,,,,False,,
8417,,,,,,False,,
8418,,,,,,False,,
8419,,,,,,False,,
8420,,,,,,False,,
8421,,,,,,False,,
8422,,,,,,False,,
8423,,,,,,False,,
8424,,,,,,False,,
8425,,,,,,False,,
8426,,,,,,False,,
8427,,,,,,False,,
8428,,,,,,False,,
8429,,,,,,False,,
8430,,,,,,False,,
8431,,,,,,False,,
8432,,,,,,False,,
8433,,,,,,False,,
8434,,,,,,False,,
8435,,,,,,False,,
8436,,,,,,False,,
8437,,,,,,False,,
8438,,,,,,False,,
8439,,,,,,False,,
8440,,,,,,False,,
8441,,,,,,False,,
8442,,,,,,False,,
8443,,,,,,False,,
8444,,,,,,False,,
8445,,,,,,False,,
8446,,,,,,False,,
8447,,,,,,False,,
8448,,,,,,False,,
8449,,,,,,False,,
8450,,,,,,False,,
8451,,,,,,False,,
8452,,,,,,False,,
8453,,,,,,False,,
8454,,,,,,False,,
8455,,,,,,False,,
8456,,,,,,False,,
8457,,,,,,False,,
8458,,,,,,False,,
8459,,,,,,False,,
8460,,,,,,False,,
8461,,,,,,False,,
8462,,,,,,False,,
8463,,,,,,False,,
8464,,,,,,False,,
8465,,,,,,False,,
8466,,,,,,False,,
8467,,,,,,False,,
8468,,,,,,False,,
8469,,,,,,False,,
8470,,,,,,False,,
8471,,,,,,False,,
8472,,,,,,False,,
8473,,,,,,False,,
8474,,,,,,False,,
8475,,,,,,False,,
8476,,,,,,False,,
8477,,,,,,False,,
8478,,,,,,False,,
8479,,,,,,False,,
8480,,,,,,False,,
8481,,,,,,False,,
8482,,,,,,False,,
8483,,,,,,False,,
8484,,,,,,False,,
8485,,,,,,False,,
8486,,,,,,False,,
8487,,,,,,False,,
8488,,,,,,False,,
8489,,,,,,False,,
8490,,,,,,False,,
8491,,,,,,False,,
8492,,,,,,False,,
8493,,,,,,False,,
8494,,,,,,False,,
8495,,,,,,False,,
8496,,,,,,False,,
8497,,,,,,False,,
8498,,,,,,False,,
8499,,,,,,False,,
8500,,,,,,False,,
8501,,,,,,False,,
8502,,,,,,False,,
8503,,,,,,False,,
8504,,,,,,False,,
8505,,,,,,False,,
8506,,,,,,False,,
8507,,,,,,False,,
8508,,,,,,False,,
8509,,,,,,False,,
8510,,,,,,False,,
8511,,,,,,False,,
8512,,,,,,False,,
8513,,,,,,False,,
8514,,,,,,False,,
8515,,,,,,False,,
8516,,,,,,False,,
8517,,,,,,False,,
8518,,,,,,False,,
8519,,,,,,False,,
8520,,,,,,False,,
8521,,,,,,False,,
8522,,,,,,False,,
8523,,,,,,False,,
8524,,,,,,False,,
8525,,,,,,False,,
8526,,,,,,False,,
8527,,,,,,False,,
8528,,,,,,False,,
8529,,,,,,False,,
8530,,,,,,False,,
8531,,,,,,False,,
8532,,,,,,False,,
8533,,,,,,False,,
8534,,,,,,False,,
8535,,,,,,False,,
8536,,,,,,False,,
8537,,,,,,False,,
8538,,,,,,False,,
8539,,,,,,False,,
8540,,,,,,False,,
8541,,,,,,False,,
8542,,,,,,False,,
8543,,,,,,False,,
8544,,,,,,False,,
8545,,,,,,False,,
8546,,,,,,False,,
8547,,,,,,False,,
8548,,,,,,False,,
8549,,,,,,False,,
8550,,,,,,False,,
8551,,,,,,False,,
8552,,,,,,False,,
8553,,,,,,False,,
8554,,,,,,False,,
8555,,,,,,False,,
8556,,,,,,False,,
8557,,,,,,False,,
8558,,,,,,False,,
8559,,,,,,False,,
8560,,,,,,False,,
8561,,,,,,False,,
8562,,,,,,False,,
8563,,,,,,False,,
8564,,,,,,False,,
8565,,,,,,False,,
8566,,,,,,False,,
8567,,,,,,False,,
8568,,,,,,False,,
8569,,,,,,False,,
8570,,,,,,False,,
8571,,,,,,False,,
8572,,,,,,False,,
8573,,,,,,False,,
8574,,,,,,False,,
8575,,,,,,False,,
8576,,,,,,False,,
8577,,,,,,False,,
8578,,,,,,False,,
8579,,,,,,False,,
8580,,,,,,False,,
8581,,,,,,False,,
8582,,,,,,False,,
8583,,,,,,False,,
8584,,,,,,False,,
8585,,,,,,False,,
8586,,,,,,False,,
8587,,,,,,False,,
8588,,,,,,False,,
8589,,,,,,False,,
8590,,,,,,False,,
8591,,,,,,False,,
8592,,,,,,False,,
8593,,,,,,False,,
8594,,,,,,False,,
8595,,,,,,False,,
8596,,,,,,False,,
8597,,,,,,False,,
8598,,,,,,False,,
8599,,,,,,False,,
8600,,,,,,False,,
8601,,,,,,False,,
8602,,,,,,False,,
8603,,,,,,False,,
8604,,,,,,False,,
8605,,,,,,False,,
8606,,,,,,False,,
8607,,,,,,False,,
8608,,,,,,False,,
8609,,,,,,False,,
8610,,,,,,False,,
8611,,,,,,False,,
8612,,,,,,False,,
8613,,,,,,False,,
8614,,,,,,False,,
8615,,,,,,False,,
8616,,,,,,False,,
8617,,,,,,False,,
8618,,,,,,False,,
8619,,,,,,False,,
8620,,,,,,False,,
8621,,,,,,False,,
8622,,,,,,False,,
8623,,,,,,False,,
8624,,,,,,False,,
8625,,,,,,False,,
8626,,,,,,False,,
8627,,,,,,False,,
8628,,,,,,False,,
8629,,,,,,False,,
8630,,,,,,False,,
8631,,,,,,False,,
8632,,,,,,False,,
8633,,,,,,False,,
8634,,,,,,False,,
8635,,,,,,False,,
8636,,,,,,False,,
8637,,,,,,False,,
8638,,,,,,False,,
8639,,,,,,False,,
8640,,,,,,False,,
8641,,,,,,False,,
8642,,,,,,False,,
8643,,,,,,False,,
8644,,,,,,False,,
8645,,,,,,False,,
8646,,,,,,False,,
8647,,,,,,False,,
8648,,,,,,False,,
8649,,,,,,False,,
8650,,,,,,False,,
8651,,,,,,False,,
8652,,,,,,False,,
8653,,,,,,False,,
8654,,,,,,False,,
8655,,,,,,False,,
8656,,,,,,False,,
8657,,,,,,False,,
8658,,,,,,False,,
8659,,,,,,False,,
8660,,,,,,False,,
8661,,,,,,False,,
8662,,,,,,False,,
8663,,,,,,False,,
8664,,,,,,False,,
8665,,,,,,False,,
8666,,,,,,False,,
8667,,,,,,False,,
8668,,,,,,False,,
8669,,,,,,False,,
8670,,,,,,False,,
8671,,,,,,False,,
8672,,,,,,False,,
8673,,,,,,False,,
8674,,,,,,False,,
8675,,,,,,False,,
8676,,,,,,False,,
8677,,,,,,False,,
8678,,,,,,False,,
8679,,,,,,False,,
8680,,,,,,False,,
8681,,,,,,False,,
8682,,,,,,False,,
8683,,,,,,False,,
8684,,,,,,False,,
8685,,,,,,False,,
8686,,,,,,False,,
8687,,,,,,False,,
8688,,,,,,False,,
8689,,,,,,False,,
8690,,,,,,False,,
8691,,,,,,False,,
8692,,,,,,False,,
8693,,,,,,False,,
8694,,,,,,False,,
8695,,,,,,False,,
8696,,,,,,False,,
8697,,,,,,False,,
8698,,,,,,False,,
8699,,,,,,False,,
8700,,,,,,False,,
8701,,,,,,False,,
8702,,,,,,False,,
8703,,,,,,False,,
8704,,,,,,False,,
8705,,,,,,False,,
8706,,,,,,False,,
8707,,,,,,False,,
8708,,,,,,False,,
8709,,,,,,False,,
8710,,,,,,False,,
8711,,,,,,False,,
8712,,,,,,False,,
8713,,,,,,False,,
8714,,,,,,False,,
8715,,,,,,False,,
8716,,,,,,False,,
8717,,,,,,False,,
8718,,,,,,False,,
8719,,,,,,False,,
8720,,,,,,False,,
8721,,,,,,False,,
8722,,,,,,False,,
8723,,,,,,False,,
8724,,,,,,False,,
8725,,,,,,False,,
8726,,,,,,False,,
8727,,,,,,False,,
8728,,,,,,False,,
8729,,,,,,False,,
8730,,,,,,False,,
8731,,,,,,False,,
8732,,,,,,False,,
8733,,,,,,False,,
8734,,,,,,False,,
8735,,,,,,False,,
8736,,,,,,False,,
8737,,,,,,False,,
8738,,,,,,False,,
8739,,,,,,False,,
8740,,,,,,False,,
8741,,,,,,False,,
8742,,,,,,False,,
8743,,,,,,False,,
8744,,,,,,False,,
8745,,,,,,False,,
8746,,,,,,False,,
8747,,,,,,False,,
8748,,,,,,False,,
8749,,,,,,False,,
8750,,,,,,False,,
8751,,,,,,False,,
8752,,,,,,False,,
8753,,,,,,False,,
8754,,,,,,False,,
8755,,,,,,False,,
8756,,,,,,False,,
8757,,,,,,False,,
8758,,,,,,False,,
8759,,,,,,False,,
8760,,,,,,False,,
8761,,,,,,False,,
8762,,,,,,False,,
8763,,,,,,False,,
8764,,,,,,False,,
8765,,,,,,False,,
8766,,,,,,False,,
8767,,,,,,False,,
8768,,,,,,False,,
8769,,,,,,False,,
8770,,,,,,False,,
8771,,,,,,False,,
8772,,,,,,False,,
8773,,,,,,False,,
8774,,,,,,False,,
8775,,,,,,False,,
8776,,,,,,False,,
8777,,,,,,False,,
8778,,,,,,False,,
8779,,,,,,False,,
8780,,,,,,False,,
8781,,,,,,False,,
8782,,,,,,False,,
8783,,,,,,False,,
8784,,,,,,False,,
8785,,,,,,False,,
8786,,,,,,False,,
8787,,,,,,False,,
8788,,,,,,False,,
8789,,,,,,False,,
8790,,,,,,False,,
8791,,,,,,False,,
8792,,,,,,False,,
8793,,,,,,False,,
8794,,,,,,False,,
8795,,,,,,False,,
8796,,,,,,False,,
8797,,,,,,False,,
8798,,,,,,False,,
8799,,,,,,False,,
8800,,,,,,False,,
8801,,,,,,False,,
8802,,,,,,False,,
8803,,,,,,False,,
8804,,,,,,False,,
8805,,,,,,False,,
8806,,,,,,False,,
8807,,,,,,False,,
8808,,,,,,False,,
8809,,,,,,False,,
8810,,,,,,False,,
8811,,,,,,False,,
8812,,,,,,False,,
8813,,,,,,False,,
8814,,,,,,False,,
8815,,,,,,False,,
8816,,,,,,False,,
8817,,,,,,False,,
8818,,,,,,False,,
8819,,,,,,False,,
8820,,,,,,False,,
8821,,,,,,False,,
8822,,,,,,False,,
8823,,,,,,False,,
8824,,,,,,False,,
8825,,,,,,False,,
8826,,,,,,False,,
8827,,,,,,False,,
8828,,,,,,False,,
8829,,,,,,False,,
8830,,,,,,False,,
8831,,,,,,False,,
8832,,,,,,False,,
8833,,,,,,False,,
8834,,,,,,False,,
8835,,,,,,False,,
8836,,,,,,False,,
8837,,,,,,False,,
8838,,,,,,False,,
8839,,,,,,False,,
8840,,,,,,False,,
8841,,,,,,False,,
8842,,,,,,False,,
8843,,,,,,False,,
8844,,,,,,False,,
8845,,,,,,False,,
8846,,,,,,False,,
8847,,,,,,False,,
8848,,,,,,False,,
8849,,,,,,False,,
8850,,,,,,False,,
8851,,,,,,False,,
8852,,,,,,False,,
8853,,,,,,False,,
8854,,,,,,False,,
8855,,,,,,False,,
8856,,,,,,False,,
8857,,,,,,False,,
8858,,,,,,False,,
8859,,,,,,False,,
8860,,,,,,False,,
8861,,,,,,False,,
8862,,,,,,False,,
8863,,,,,,False,,
8864,,,,,,False,,
8865,,,,,,False,,
8866,,,,,,False,,
8867,,,,,,False,,
8868,,,,,,False,,
8869,,,,,,False,,
8870,,,,,,False,,
8871,,,,,,False,,
8872,,,,,,False,,
8873,,,,,,False,,
8874,,,,,,False,,
8875,,,,,,False,,
8876,,,,,,False,,
8877,,,,,,False,,
8878,,,,,,False,,
8879,,,,,,False,,
8880,,,,,,False,,
8881,,,,,,False,,
8882,,,,,,False,,
8883,,,,,,False,,
8884,,,,,,False,,
8885,,,,,,False,,
8886,,,,,,False,,
8887,,,,,,False,,
8888,,,,,,False,,
8889,,,,,,False,,
8890,,,,,,False,,
8891,,,,,,False,,
8892,,,,,,False,,
8893,,,,,,False,,
8894,,,,,,False,,
8895,,,,,,False,,
8896,,,,,,False,,
8897,,,,,,False,,
8898,,,,,,False,,
8899,,,,,,False,,
8900,,,,,,False,,
8901,,,,,,False,,
8902,,,,,,False,,
8903,,,,,,False,,
8904,,,,,,False,,
8905,,,,,,False,,
8906,,,,,,False,,
8907,,,,,,False,,
8908,,,,,,False,,
8909,,,,,,False,,
8910,,,,,,False,,
8911,,,,,,False,,
8912,,,,,,False,,
8913,,,,,,False,,
8914,,,,,,False,,
8915,,,,,,False,,
8916,,,,,,False,,
8917,,,,,,False,,
8918,,,,,,False,,
8919,,,,,,False,,
8920,,,,,,False,,
8921,,,,,,False,,
8922,,,,,,False,,
8923,,,,,,False,,
8924,,,,,,False,,
8925,,,,,,False,,
8926,,,,,,False,,
8927,,,,,,False,,
8928,,,,,,False,,
8929,,,,,,False,,
8930,,,,,,False,,
8931,,,,,,False,,
8932,,,,,,False,,
8933,,,,,,False,,
8934,,,,,,False,,
8935,,,,,,False,,
8936,,,,,,False,,
8937,,,,,,False,,
8938,,,,,,False,,
8939,,,,,,False,,
8940,,,,,,False,,
8941,,,,,,False,,
8942,,,,,,False,,
8943,,,,,,False,,
8944,,,,,,False,,
8945,,,,,,False,,
8946,,,,,,False,,
8947,,,,,,False,,
8948,,,,,,False,,
8949,,,,,,False,,
8950,,,,,,False,,
8951,,,,,,False,,
8952,,,,,,False,,
8953,,,,,,False,,
8954,,,,,,False,,
8955,,,,,,False,,
8956,,,,,,False,,
8957,,,,,,False,,
8958,,,,,,False,,
8959,,,,,,False,,
8960,,,,,,False,,
8961,,,,,,False,,
8962,,,,,,False,,
8963,,,,,,False,,
8964,,,,,,False,,
8965,,,,,,False,,
8966,,,,,,False,,
8967,,,,,,False,,
8968,,,,,,False,,
8969,,,,,,False,,
8970,,,,,,False,,
8971,,,,,,False,,
8972,,,,,,False,,
8973,,,,,,False,,
8974,,,,,,False,,
8975,,,,,,False,,
8976,,,,,,False,,
8977,,,,,,False,,
8978,,,,,,False,,
8979,,,,,,False,,
8980,,,,,,False,,
8981,,,,,,False,,
8982,,,,,,False,,
8983,,,,,,False,,
8984,,,,,,False,,
8985,,,,,,False,,
8986,,,,,,False,,
8987,,,,,,False,,
8988,,,,,,False,,
8989,,,,,,False,,
8990,,,,,,False,,
8991,,,,,,False,,
8992,,,,,,False,,
8993,,,,,,False,,
8994,,,,,,False,,
8995,,,,,,False,,
8996,,,,,,False,,
8997,,,,,,False,,
8998,,,,,,False,,
8999,,,,,,False,,
9000,,,,,,False,,
9001,,,,,,False,,
9002,,,,,,False,,
9003,,,,,,False,,
9004,,,,,,False,,
9005,,,,,,False,,
9006,,,,,,False,,
9007,,,,,,False,,
9008,,,,,,False,,
9009,,,,,,False,,
9010,,,,,,False,,
9011,,,,,,False,,
9012,,,,,,False,,
9013,,,,,,False,,
9014,,,,,,False,,
9015,,,,,,False,,
9016,,,,,,False,,
9017,,,,,,False,,
9018,,,,,,False,,
9019,,,,,,False,,
9020,,,,,,False,,
9021,,,,,,False,,
9022,,,,,,False,,
9023,,,,,,False,,
9024,,,,,,False,,
9025,,,,,,False,,
9026,,,,,,False,,
9027,,,,,,False,,
9028,,,,,,False,,
9029,,,,,,False,,
9030,,,,,,False,,
9031,,,,,,False,,
9032,,,,,,False,,
9033,,,,,,False,,
9034,,,,,,False,,
9035,,,,,,False,,
9036,,,,,,False,,
9037,,,,,,False,,
9038,,,,,,False,,
9039,,,,,,False,,
9040,,,,,,False,,
9041,,,,,,False,,
9042,,,,,,False,,
9043,,,,,,False,,
9044,,,,,,False,,
9045,,,,,,False,,
9046,,,,,,False,,
9047,,,,,,False,,
9048,,,,,,False,,
9049,,,,,,False,,
9050,,,,,,False,,
9051,,,,,,False,,
9052,,,,,,False,,
9053,,,,,,False,,
9054,,,,,,False,,
9055,,,,,,False,,
9056,,,,,,False,,
9057,,,,,,False,,
9058,,,,,,False,,
9059,,,,,,False,,
9060,,,,,,False,,
9061,,,,,,False,,
9062,,,,,,False,,
9063,,,,,,False,,
9064,,,,,,False,,
9065,,,,,,False,,
9066,,,,,,False,,
9067,,,,,,False,,
9068,,,,,,False,,
9069,,,,,,False,,
9070,,,,,,False,,
9071,,,,,,False,,
9072,,,,,,False,,
9073,,,,,,False,,
9074,,,,,,False,,
9075,,,,,,False,,
9076,,,,,,False,,
9077,,,,,,False,,
9078,,,,,,False,,
9079,,,,,,False,,
9080,,,,,,False,,
9081,,,,,,False,,
9082,,,,,,False,,
9083,,,,,,False,,
9084,,,,,,False,,
9085,,,,,,False,,
9086,,,,,,False,,
9087,,,,,,False,,
9088,,,,,,False,,
9089,,,,,,False,,
9090,,,,,,False,,
9091,,,,,,False,,
9092,,,,,,False,,
9093,,,,,,False,,
9094,,,,,,False,,
9095,,,,,,False,,
9096,,,,,,False,,
9097,,,,,,False,,
9098,,,,,,False,,
9099,,,,,,False,,
9100,,,,,,False,,
9101,,,,,,False,,
9102,,,,,,False,,
9103,,,,,,False,,
9104,,,,,,False,,
9105,,,,,,False,,
9106,,,,,,False,,
9107,,,,,,False,,
9108,,,,,,False,,
9109,,,,,,False,,
9110,,,,,,False,,
9111,,,,,,False,,
9112,,,,,,False,,
9113,,,,,,False,,
9114,,,,,,False,,
9115,,,,,,False,,
9116,,,,,,False,,
9117,,,,,,False,,
9118,,,,,,False,,
9119,,,,,,False,,
9120,,,,,,False,,
9121,,,,,,False,,
9122,,,,,,False,,
9123,,,,,,False,,
9124,,,,,,False,,
9125,,,,,,False,,
9126,,,,,,False,,
9127,,,,,,False,,
9128,,,,,,False,,
9129,,,,,,False,,
9130,,,,,,False,,
